"CompanyName_E","Region_Name_E","Circle_Name_E","Division_Name_E","DC_Name_E","Region_Name_E-2","gis_feeder_id","description_of_work","tkc_apply_date","pma_apply_date","dgm_apply_date","je_apply_date","gm_apply_date","gm_cert_apply_date"
"K K Construction Co","Bhopal","O&M Circle Harda","O&M Division Harda North","Khirkiya D/C","Bhopal","253233","LT Cable Augmentation Ashok gour wala 0388","2025-09-06","2025-09-07","2025-11-10","2025-09-25","2025-11-13","2025-11-13"
"K K Construction Co","Bhopal","O&M Circle Harda","O&M Division Harda North","Harda North D/C","Bhopal","64292","ADDISTIONAL DTR MANDIR KE PASS","2025-09-06","2025-09-07","2025-11-10","2025-09-24","2025-11-13","2025-11-13"
"K K Construction Co","Bhopal","O&M Circle Harda","O&M Division Harda South","Timarni D/C","Bhopal","243753","100 KVA TOWER WALA SODALPUR ADDITIONAL","2025-07-15","2025-07-16","2026-03-10","2026-03-09","2026-03-15","2026-03-15"
"K K Construction Co","Bhopal","O&M Circle Harda","O&M Division Harda South","Sirali Distribution Center","Bhopal","251050","Bare conductor to ab cable 25kva bsnl tower colony","2025-07-15","2025-07-16","2025-11-04","2025-09-24","2025-11-05","2025-11-05"
"K K Construction Co","Bhopal","O&M Circle Harda","O&M Division Harda North","Harda North D/C","Bhopal","265853","Conversion of LT Line : MALPONE LT CABLE AUG GAON WALA DTR","2025-09-06","2025-09-07","2025-11-10","2025-09-24","2025-11-13","2025-11-13"
"K K Construction Co","Bhopal","O&M Circle Harda","O&M Division Harda North","Khirkiya D/C","Bhopal","64761","sheetala mata mandir 63 dtr choukdi","2025-09-06","2025-09-07","2025-11-10","2025-09-25","2025-11-13","2025-11-13"
"K K Construction Co","Bhopal","O&M Circle Harda","O&M Division Harda North","Khirkiya D/C","Bhopal","266844","Conversion of LT Line : LT Cable Augmentation Bhimpura 1 No DTR","2025-05-17","2025-05-18","2025-12-08","2025-06-06","2025-12-10","2025-12-10"
"M/s UNIVERSAL MEP PROJECTS & ENGINEERING SERVICES LIMITED","Gwalior","O&M Circle Bhind","O&M Division Gohad","Mau DC","Gwalior","47969","33KV NEW RATWA SS 33KV LINE 11LINE","2025-10-09","2025-10-09","2025-10-09",NULL,"2025-10-09","2025-10-09"
"K K Construction Co","Bhopal","O&M Circle Harda","O&M Division Harda North","Khirkiya D/C","Bhopal","255973","LT Cable Augmentation Shutar wala 0400","2025-09-06","2025-09-07","2025-11-10","2025-09-25","2025-11-13","2025-11-13"
"K K Construction Co","Bhopal","O&M Circle Harda","O&M Division Harda South","Kartana D/C","Bhopal","244377","Lt line work village wala","2025-09-06","2025-09-07","2025-11-06","2025-11-05","2025-11-06","2025-11-06"
"M/s UNIVERSAL MEP PROJECTS & ENGINEERING SERVICES LIMITED","Gwalior","O&M Circle Bhind","O&M Division Lahar","Alampur DC","Gwalior","48416","33 KV NEW ARUSHI SS","2025-10-09","2025-10-09","2025-10-09",NULL,"2025-10-09","2025-10-09"
"K K Construction Co","Bhopal","O&M Circle Harda","O&M Division Harda North","Khirkiya D/C","Bhopal","258212","LT AUGGUMTETION bajrang mandir wala 25 kva 0394","2025-09-06","2025-09-07","2025-11-10","2025-09-25","2025-11-13","2025-11-13"
"K K Construction Co","Bhopal","O&M Circle Harda","O&M Division Harda North","Harda South D/C","Bhopal","266051","Additional dtr at nakwada bus stand nakwada","2025-09-06","2025-09-07","2025-11-10","2025-09-23","2025-11-13","2025-11-13"
"K K Construction Co","Bhopal","O&M Circle Harda","O&M Division Harda North","Khirkiya D/C","Bhopal","258078","LT Cable Augmentation gaon wala kheda 63 kva 0687","2025-09-06","2025-09-07","2025-11-10","2025-09-25","2025-11-13","2025-11-13"
"K K Construction Co","Bhopal","O&M Circle Harda","O&M Division Harda South","Sirali Distribution Center","Bhopal","241974","New LT for additional Tehsil wala  DTR ","2025-07-15","2025-07-16","2025-11-10","2025-09-24","2025-11-13","2025-11-13"
"K K Construction Co","Bhopal","O&M Circle Harda","O&M Division Harda South","Sirali Distribution Center","Bhopal","241970","Additional dhane wala 100 kva","2025-09-06","2025-09-07","2025-11-10","2025-09-24","2025-11-13","2025-11-13"
"K K Construction Co","Bhopal","O&M Circle Harda","O&M Division Harda South","Rehatgaon D/C","Bhopal","264538","Conversion of LT Line : 25 KVA BAJRANG MANDIR DHANPADA CABLE AUG.","2025-09-06","2025-09-07",NULL,"2026-03-12",NULL,NULL
"K K Construction Co","Bhopal","O&M Circle Harda","O&M Division Harda South","Sirali Distribution Center","Bhopal","243413","additional dtr Suresh kumhar wala 63 kva","2025-05-18","2025-05-18","2025-12-03","2025-09-24","2025-12-10","2025-12-10"
"K K Construction Co","Bhopal","O&M Circle Harda","O&M Division Harda South","Sirali Distribution Center","Bhopal","244501","Additional dtr Makhan patel Wala 63kva","2025-09-06","2025-12-03","2025-12-07","2025-09-24","2025-12-10","2025-12-10"
"K K Construction Co","Bhopal","O&M Circle Harda","O&M Division Harda South","Sirali Distribution Center","Bhopal","250877","Bare conductor to ab cable 63 kva hpcl gaon wala","2025-09-06","2025-09-07","2025-11-04","2025-09-24","2025-11-05","2025-11-05"
"K K Construction Co","Bhopal","O&M Circle Harda","O&M Division Harda South","Timarni D/C","Bhopal","262805","cable agumentation jhabbu wala pokharni","2025-07-15","2025-07-16","2025-11-03","2025-09-24","2025-11-04","2025-11-04"
"K K Construction Co","Bhopal","O&M Circle Harda","O&M Division Harda North","Khirkiya D/C","Bhopal","260159","LT Cable Augmentation Kailash jat wala 0368","2025-09-06","2025-09-07","2025-11-10","2025-09-25","2025-11-13","2025-11-13"
"K K Construction Co","Bhopal","O&M Circle Harda","O&M Division Harda North","Khirkiya D/C","Bhopal","260125","LT Cable Augmentation Sangram singh 0412","2025-09-06","2025-09-07","2025-11-10","2025-09-25","2025-11-13","2025-11-13"
"K K Construction Co","Bhopal","O&M Circle Harda","O&M Division Harda South","Sirali Distribution Center","Bhopal","262181","Additional Praveen bhayre wala 63 kva","2026-03-18","2026-03-19",NULL,NULL,NULL,NULL
"K K Construction Co","Bhopal","O&M Circle Harda","O&M Division Harda North","Charuwa D/C","Bhopal","211331","LT NEW HASANPURA","2025-09-06","2025-09-07",NULL,NULL,NULL,NULL
"K K Construction Co","Bhopal","O&M Circle Harda","O&M Division Harda South","Timarni D/C","Bhopal","68826","ADDITIONAL 100KVA ATAKWAR WALA PIPLYA","2025-07-15","2025-07-15","2025-11-04","2025-09-24","2025-11-05","2025-11-05"
"K K Construction Co","Bhopal","O&M Circle Harda","O&M Division Harda South","Sirali Distribution Center","Bhopal","255603","Cable aug.low to high 25kva goundi mohalla wala","2025-07-15","2025-07-16","2025-11-04","2025-09-24","2025-11-05","2025-11-05"
"K K Construction Co","Bhopal","O&M Circle Harda","O&M Division Harda South","Timarni D/C","Bhopal","248884","CABLE AUGUMENTATION DARGAON BHYALI","2025-09-06","2025-09-07","2025-11-04","2025-09-24","2025-11-06","2025-11-06"
"K K Construction Co","Bhopal","O&M Circle Harda","O&M Division Harda South","Sirali Distribution Center","Bhopal","250832","Bare conductor to ab cable 10 kva gondi pura colon","2025-07-15","2025-07-16","2025-11-04","2025-09-24","2025-11-04","2025-11-04"
"K K Construction Co","Bhopal","O&M Circle Harda","O&M Division Harda South","Timarni D/C","Bhopal","241878","CABLE AUGUMENTATION 273 TALAB WALA DHOLPUR","2025-07-15","2025-07-16","2025-11-04","2025-09-24","2025-11-06","2025-11-06"
"K K Construction Co","Bhopal","O&M Circle Harda","O&M Division Harda South","Timarni D/C","Bhopal","241877","CABLE AUGUMENTATION 247 SCHOOL DHOLPUR KAL A","2025-07-15","2025-07-16","2025-11-04","2025-09-24","2025-11-06","2025-11-06"
"M/s UNIVERSAL MEP PROJECTS & ENGINEERING SERVICES LIMITED","Gwalior","O&M Circle Guna","O&M Division Raghogarh","Ruthyai DC","Gwalior","56621","Feeder Sepration : 11 KV Vishvnagar Aabadi","2025-03-28","2025-03-28","2025-03-28",NULL,"2025-03-28","2025-03-29"
"K K Construction Co","Bhopal","O&M Circle Harda","O&M Division Harda South","Sirali Distribution Center","Bhopal","243226","Add.dtr","2026-03-19","2026-03-19",NULL,NULL,NULL,NULL
"K K Construction Co","Bhopal","O&M Circle Harda","O&M Division Harda South","Timarni D/C","Bhopal","68588","additional durga mandir chhidgaon","2025-06-02","2025-06-06","2025-12-08","2025-09-24","2025-12-10","2025-12-10"
"K K Construction Co","Bhopal","O&M Circle Harda","O&M Division Harda North","Harda North D/C","Bhopal","265947","Conversion of LT Line : BHUNNAS LT CABLE AUG BAJAR WALA DTR","2026-03-18","2026-04-24",NULL,NULL,NULL,NULL
"K K Construction Co","Bhopal","O&M Circle Harda","O&M Division Harda South","Timarni D/C","Bhopal","243522","additional 63 kva dtr bagwad vikram wala","2025-07-15","2025-07-16","2025-11-04","2025-09-24","2025-11-06","2025-11-06"
"K K Construction Co","Bhopal","O&M Circle Harda","O&M Division Harda North","Charuwa D/C","Bhopal","241488","Additional DTR SARSUD2","2025-05-17","2025-05-17",NULL,NULL,NULL,NULL
"M/s UNIVERSAL MEP PROJECTS & ENGINEERING SERVICES LIMITED","Gwalior","O&M Circle Guna","O&M Division Raghogarh","Jamner DC","Gwalior","48883","Pipalkhedi","2025-02-22","2025-03-28","2025-03-29",NULL,"2025-03-29","2025-03-29"
"K K Construction Co","Bhopal","O&M Circle Harda","O&M Division Harda North","Khirkiya D/C","Bhopal","267723","Conversion of LT Line : LT Cable Augmentation Sarangpur 1 No DTR","2025-05-17","2025-05-18","2025-12-08","2025-06-06","2025-12-10","2025-12-10"
"K K Construction Co","Bhopal","O&M Circle Harda","O&M Division Harda North","Harda North D/C","Bhopal","64290","ADDISTIONAL DTR RAJENDRA KOGE WALA","2025-05-17","2025-05-17","2025-12-08","2025-09-24","2025-12-10","2025-12-10"
"K K Construction Co","Bhopal","O&M Circle Harda","O&M Division Harda North","Harda North D/C","Bhopal","64601","DUMLAY ADDISTIONAL DTR SURAJ GUJAR WALA","2026-03-21",NULL,NULL,NULL,NULL,NULL
"K K Construction Co","Bhopal","O&M Circle Harda","O&M Division Harda North","Khirkiya D/C","Bhopal","254901","LT Cable Augmentation School ke pass wala 0396 25","2025-05-17","2025-05-17","2025-12-08","2025-06-06","2025-12-10","2025-12-10"
"K K Construction Co","Bhopal","O&M Circle Harda","O&M Division Harda North","HARDA(T)","Bhopal","218661","CHHIPANER ROAD FEEDER","2025-09-06","2025-09-07",NULL,NULL,NULL,NULL
"K K Construction Co","Bhopal","O&M Circle Harda","O&M Division Harda North","HARDA(T)","Bhopal","225737","Indore road -2 interconnection","2025-09-06","2025-09-07",NULL,NULL,NULL,NULL
"K K Construction Co","Bhopal","O&M Circle Harda","O&M Division Harda South","Kartana D/C","Bhopal","242922","lt cable aug work ghasiram wala 25kva harda road k","2026-03-18","2026-03-25",NULL,NULL,NULL,NULL
"K K Construction Co","Bhopal","O&M Circle Harda","O&M Division Harda North","Khirkiya D/C","Bhopal","259738","LT Cable Augmentation MAYA RAM KE GHAR 0373","2025-05-17","2025-05-18","2025-12-08","2025-06-06","2025-12-10","2025-12-10"
"K K Construction Co","Bhopal","O&M Circle Harda","O&M Division Harda North","Charuwa D/C","Bhopal","242394","LT BARE CONDUCTOR TO CABLE JUNAPANI(413)","2025-05-17","2025-05-17",NULL,NULL,NULL,NULL
"K K Construction Co","Bhopal","O&M Circle Harda","O&M Division Harda South","Kartana D/C","Bhopal","243464","new lt cable line for nosar agrawal wala","2025-05-17","2025-05-17","2025-12-08","2025-11-05","2025-12-10","2025-12-10"
"K K Construction Co","Bhopal","O&M Circle Harda","O&M Division Harda South","Kartana D/C","Bhopal","244376","Lot war wala Lt work","2025-06-07","2025-06-07","2025-12-08","2025-11-05","2025-12-10","2025-12-10"
"K K Construction Co","Bhopal","O&M Circle Harda","O&M Division Harda South","Rehatgaon D/C","Bhopal","63671","200 KVA PALIWAL WALA RAHATGAON ADDITIONAL","2025-05-18","2025-05-18","2026-03-10","2026-03-09","2026-03-15","2026-03-15"
"K K Construction Co","Bhopal","O&M Circle Harda","O&M Division Harda South","Sirali Distribution Center","Bhopal","252411","Bare low cable to high cable 25kva malapur road wa","2025-07-15","2025-07-16","2025-11-04","2025-09-24","2025-11-05","2025-11-05"
"K K Construction Co","Bhopal","O&M Circle Harda","O&M Division Harda South","Kartana D/C","Bhopal","227299","Additional 63 kva dtr Imran beelding bale ki dukan","2025-05-17","2025-05-17","2025-12-08","2025-11-05","2025-12-10","2025-12-10"
"K K Construction Co","Bhopal","O&M Circle Harda","O&M Division Harda North","Khirkiya D/C","Bhopal","65557","punnu ke khet ke pas 63 kva addi. dtr","2025-09-06","2025-09-07","2025-11-10","2025-09-25","2025-11-13","2025-11-13"
"K K Construction Co","Bhopal","O&M Circle Harda","O&M Division Harda South","Timarni D/C","Bhopal","246196","Cable augmentation madan wala barja","2025-07-15","2025-07-16","2025-11-04","2025-09-24","2025-11-06","2025-11-06"
"M/s UNIVERSAL MEP PROJECTS & ENGINEERING SERVICES LIMITED","Gwalior","O&M Circle Bhind","O&M Division Mehgaon","Gormi DC","Gwalior","47906","33 kv akloni and 11 kv akloni line for new ss","2025-10-09","2025-10-09","2025-10-09",NULL,"2025-10-09","2025-10-09"
"K K Construction Co","Bhopal","O&M Circle Harda","O&M Division Harda North","Harda South D/C","Bhopal","266002","LT augmentation work nakwada","2025-06-07","2025-06-07","2025-12-08","2025-09-23","2025-12-10","2025-12-10"
"K K Construction Co","Bhopal","O&M Circle Harda","O&M Division Harda North","Charuwa D/C","Bhopal","242289","LT BARE CONDUCTOR TO CABLE(409) GOPALPURA","2026-03-18",NULL,NULL,NULL,NULL,NULL
"K K Construction Co","Bhopal","O&M Circle Harda","O&M Division Harda South","Timarni D/C","Bhopal","261895","LT survey kailash wala shankar gad","2026-03-18","2026-03-19",NULL,NULL,NULL,NULL
"K K Construction Co","Bhopal","O&M Circle Harda","O&M Division Harda South","Timarni D/C","Bhopal","241838","CABLE AUGUMENTATION BARJA ROAD 4544410464","2025-07-15","2025-07-15","2025-11-04","2025-09-24","2025-11-06","2025-11-06"
"K K Construction Co","Bhopal","O&M Circle Harda","O&M Division Harda South","Timarni D/C","Bhopal","241822","CABLE AUGUMENTATION 4544410008 MANI GATE","2026-03-18","2026-03-20",NULL,NULL,NULL,NULL
"K K Construction Co","Bhopal","O&M Circle Harda","O&M Division Harda North","Charuwa D/C","Bhopal","242456","LT BARE CONDUCTOR TO CABLE SONPURA(289)","2026-03-19",NULL,NULL,NULL,NULL,NULL
"K K Construction Co","Bhopal","O&M Circle Harda","O&M Division Harda North","Charuwa D/C","Bhopal","242422","LT BARE CONDUCTOR TO CABLE SANGWA(262)","2026-03-18",NULL,NULL,NULL,NULL,NULL
"K K Construction Co","Bhopal","O&M Circle Harda","O&M Division Harda North","Harda North D/C","Bhopal","265974","Conversion of LT Line : SIGON LT CABLE AUG PAHADI WALA DTR","2026-03-18","2026-04-24",NULL,NULL,NULL,NULL
"K K Construction Co","Bhopal","O&M Circle Harda","O&M Division Harda North","Khirkiya D/C","Bhopal","253900","LT Cable Augmentation Hanuman Mandir wala 0153","2026-03-18","2026-03-29",NULL,NULL,NULL,NULL
"K K Construction Co","Bhopal","O&M Circle Harda","O&M Division Harda North","Khirkiya D/C","Bhopal","258197","LT AUGGUMTETION pahanpat road wala 25kva","2025-09-06","2025-09-07","2025-11-10","2025-09-25","2025-11-13","2025-11-13"
"K K Construction Co","Bhopal","O&M Circle Harda","O&M Division Harda South","Rehatgaon D/C","Bhopal","256894","100 KVA MANIYAKHEDI NAHAR CABLE CONVERSION","2026-03-18","2026-03-21",NULL,NULL,NULL,NULL
"K K Construction Co","Bhopal","O&M Circle Harda","O&M Division Harda North","Masangaon D/C","Bhopal","266089","AUG.LT CABLE BAMANGAON","2026-03-18","2026-03-28",NULL,NULL,NULL,NULL
"K K Construction Co","Bhopal","O&M Circle Harda","O&M Division Harda South","Kartana D/C","Bhopal","243003","lt cable aug work manohar wali kartana","2026-03-18","2026-03-25",NULL,NULL,NULL,NULL
"K K Construction Co","Bhopal","O&M Circle Harda","O&M Division Harda North","Charuwa D/C","Bhopal","209103","add.kumbhikheda","2026-03-21","2026-04-25",NULL,NULL,NULL,NULL
"K K Construction Co","Bhopal","O&M Circle Harda","O&M Division Harda South","Kartana D/C","Bhopal","244541","Gondagaon Tesla wala dtr","2026-03-18","2026-03-25",NULL,NULL,NULL,NULL
"K K Construction Co","Bhopal","O&M Circle Harda","O&M Division Harda South","Sirali Distribution Center","Bhopal","252692","Bare low cable to high cable 63 kva balmukund wala","2026-03-19","2026-03-21",NULL,NULL,NULL,NULL
"K K Construction Co","Bhopal","O&M Circle Harda","O&M Division Harda North","Harda South D/C","Bhopal","254996","LT augmentation work nahal mohalla ranhaikala","2026-03-18","2026-04-06",NULL,NULL,NULL,NULL
"K K Construction Co","Bhopal","O&M Circle Harda","O&M Division Harda South","Kartana D/C","Bhopal","261911","lt survey kathdi ram mandir wala","2026-03-18","2026-03-25",NULL,NULL,NULL,NULL
"K K Construction Co","Bhopal","O&M Circle Harda","O&M Division Harda South","Kartana D/C","Bhopal","262840","LT CABLE AUGU balram nayagaon","2025-05-17","2025-05-17","2025-12-08","2025-11-05","2025-12-10","2025-12-10"
"K K Construction Co","Bhopal","O&M Circle Harda","O&M Division Harda North","Charuwa D/C","Bhopal","241490","Additional DTR Kadolaragho2","2025-05-17","2025-05-17",NULL,NULL,NULL,NULL
"K K Construction Co","Bhopal","O&M Circle Harda","O&M Division Harda South","Kartana D/C","Bhopal","232183","Add dtr harijan basti gondagaon math","2025-05-17","2025-05-17","2025-12-08","2025-11-05","2025-12-10","2025-12-10"
"K K Construction Co","Bhopal","O&M Circle Harda","O&M Division Harda North","Harda South D/C","Bhopal","242535","Additional DTR at hardool baba sukhras","2026-03-21","2026-04-06",NULL,NULL,NULL,NULL
"K K Construction Co","Bhopal","O&M Circle Harda","O&M Division Harda North","Harda South D/C","Bhopal","241554","Additional dtr at liladhar ke pass charkheda","2026-03-21","2026-04-24",NULL,NULL,NULL,NULL
"K K Construction Co","Bhopal","O&M Circle Harda","O&M Division Harda North","Charuwa D/C","Bhopal","206575","ADD. JAMNIYA KHURD","2026-03-21","2026-04-25",NULL,NULL,NULL,NULL
"K K Construction Co","Bhopal","O&M Circle Harda","O&M Division Harda South","Rehatgaon D/C","Bhopal","252169","100 KVA CHACHRE WALAL NIMYAGAON ADD.","2026-03-19","2026-03-25",NULL,NULL,NULL,NULL
"K K Construction Co","Bhopal","O&M Circle Harda","O&M Division Harda South","Rehatgaon D/C","Bhopal","243765","100 KVA GOURI BATELA ADDITIONAL","2025-05-18","2025-05-18","2026-03-10","2026-03-09","2026-03-15","2026-03-15"
"K K Construction Co","Bhopal","O&M Circle Harda","O&M Division Harda South","Rehatgaon D/C","Bhopal","252362","100 KVA BANKE WALA KASARNI ADDITIONAL","2026-03-19","2026-03-25",NULL,NULL,NULL,NULL
"K K Construction Co","Bhopal","O&M Circle Harda","O&M Division Harda North","Harda South D/C","Bhopal","243037","Additional DTR at near nahar ke pass balagaon","2026-03-19","2026-04-06",NULL,NULL,NULL,NULL
"K K Construction Co","Bhopal","O&M Circle Harda","O&M Division Harda North","Harda South D/C","Bhopal","242701","Additional DTR at near Sanju ke pass kelanpur","2026-03-21","2026-04-06",NULL,NULL,NULL,NULL
"M/s UNIVERSAL MEP PROJECTS & ENGINEERING SERVICES LIMITED","Gwalior","O&M Circle Sheopur","O&M Division Sheopur South","Pandola DC","Gwalior","48256","11 kv mekhdi abaadi and 11 kv mekhdi pump","2025-08-31","2025-09-02","2025-09-04","2025-09-02","2025-09-04","2025-09-04"
"M/s UNIVERSAL MEP PROJECTS & ENGINEERING SERVICES LIMITED","Gwalior","O&M Circle Sheopur","O&M Division Sheopur North","Dhodhar DC","Gwalior","47985","Extension of 33 KV Dhiroli FDR for Kherghta S/s","2025-10-09","2025-10-09","2025-10-09",NULL,"2025-10-09","2025-10-09"
"M/s UNIVERSAL MEP PROJECTS & ENGINEERING SERVICES LIMITED","Gwalior","O&M Circle Datia","O&M Division Seondha","Indergarh-I DC","Gwalior","47716","33KV NEW SS RARUAJEEVAN 33KV LINE 11KV LINE","2025-04-07","2025-04-07","2025-04-07",NULL,"2025-04-07","2025-04-07"
"K K Construction Co","Bhopal","O&M Circle Harda","O&M Division Harda South","Sirali Distribution Center","Bhopal","240306","Additional prakash loniya wala 63 kva","2026-03-20","2026-03-21",NULL,NULL,NULL,NULL
"M/s UNIVERSAL MEP PROJECTS & ENGINEERING SERVICES LIMITED","Gwalior","O&M Circle Guna","O&M Division Guna","Rampur DC","Gwalior","63830","Feeder Sepration : 11 kv mohrikalan abadi","2025-03-28","2025-03-28","2025-03-28",NULL,"2025-03-28","2025-03-29"
"M/s UNIVERSAL MEP PROJECTS & ENGINEERING SERVICES LIMITED","Gwalior","O&M Circle Shivpuri","O&M Division Pichhore","Pichhore (R) DC","Gwalior","232178","Feeder Sepration : 11kv Malhawni Awadi","2025-03-28","2025-03-28","2025-03-28",NULL,"2025-03-28","2025-03-28"
"M/s UNIVERSAL MEP PROJECTS & ENGINEERING SERVICES LIMITED","Gwalior","O&M Circle Guna","O&M Division Guna","Aron DC","Gwalior","68963","Feeder Sepration : New11 kv saga Berkheda awadi","2025-01-29","2025-03-27","2025-03-27",NULL,"2025-03-28","2025-03-29"
"K K Construction Co","Bhopal","O&M Circle Harda","O&M Division Harda South","Sirali Distribution Center","Bhopal","243207","Additional sundarlal nai wala 63 kva","2025-05-18","2025-05-18","2025-12-03","2025-09-24","2025-12-10","2025-12-10"
"M/s UNIVERSAL MEP PROJECTS & ENGINEERING SERVICES LIMITED","Gwalior","O&M Circle Ashoknagar","O&M Division Ashoknagar","Shadora DC","Gwalior","240303","Feeder Sepration : 11 KV Bagulya DLF New","2025-09-02","2025-09-02","2026-03-25","2026-03-19","2026-04-23","2026-04-23"
"M/s UNIVERSAL MEP PROJECTS & ENGINEERING SERVICES LIMITED","Gwalior","O&M Circle Guna","O&M Division Guna","Pagara DC","Gwalior","48424","New sub station","2025-04-17","2025-05-06","2025-05-15","2025-05-15","2025-05-26","2025-05-27"
"K K Construction Co","Bhopal","O&M Circle Harda","O&M Division Harda South","Kartana D/C","Bhopal","265755","LT Con. & Aug.","2026-03-18","2026-03-19",NULL,NULL,NULL,NULL
"M/s UNIVERSAL MEP PROJECTS & ENGINEERING SERVICES LIMITED","Gwalior","O&M Circle Guna","O&M Division Guna","Pagara DC","Gwalior","242035","Ext.of 11kv magrana Abadi feeder for fdr sep.","2025-01-30","2025-03-27","2025-03-27",NULL,"2025-03-28","2025-03-29"
"K K Construction Co","Bhopal","O&M Circle Harda","O&M Division Harda South","Sirali Distribution Center","Bhopal","243545","Add.dtr","2026-03-20","2026-03-21",NULL,NULL,NULL,NULL
"K K Construction Co","Bhopal","O&M Circle Harda","O&M Division Harda South","Timarni D/C","Bhopal","64145","additional 100kva sanjay takis timarni","2025-06-02","2025-06-06","2025-12-08","2025-09-24","2025-12-10","2025-12-10"
"K K Construction Co","Bhopal","O&M Circle Harda","O&M Division Harda South","Timarni D/C","Bhopal","68732","ADDITIONAL 100KVA RAJESH KIRARA UNDRAKACH","2025-06-02","2025-06-06","2025-12-08","2025-09-24","2025-12-10","2025-12-10"
"K K Construction Co","Bhopal","O&M Circle Harda","O&M Division Harda South","Timarni D/C","Bhopal","200964","ADDITIONAL 100KVA SCHOOL WALA","2025-06-02","2025-06-06","2025-12-06","2025-09-24","2025-12-10","2025-12-10"
"K K Construction Co","Bhopal","O&M Circle Harda","O&M Division Harda North","Harda South D/C","Bhopal","235548","11KV INTERCONNECTION Khamapadwa TO Kelanpur","2025-02-28","2025-02-28","2025-03-02","2025-09-23","2025-03-04","2025-03-04"
"K K Construction Co","Bhopal","O&M Circle Harda","O&M Division Harda North","Harda North D/C","Bhopal","204197","INTERCONNECTION RELWA JHALWA PUMP SHANTA BAI DTR","2025-02-28","2025-02-28","2025-03-02","2025-09-24","2025-03-04","2025-03-04"
"K K Construction Co","Bhopal","O&M Circle Harda","O&M Division Harda South","Sirali Distribution Center","Bhopal","243079","Additional radheshyam katiya wala 100 kva","2026-03-19","2026-03-19",NULL,NULL,NULL,NULL
"K K Construction Co","Bhopal","O&M Circle Harda","O&M Division Harda North","Harda North D/C","Bhopal","62901","SONKHEDI FEEDER","2025-02-28","2025-02-28","2025-03-02","2025-09-24","2025-03-04","2025-03-04"
"M/s UNIVERSAL MEP PROJECTS & ENGINEERING SERVICES LIMITED","Gwalior","O&M Circle Ashoknagar","O&M Division Mungawli","Bhadurpur DC","Gwalior","206510","New Substation 33/11KV","2026-03-09","2026-03-09","2026-04-07","2026-02-03","2026-04-23","2026-04-23"
"M/s UNIVERSAL MEP PROJECTS & ENGINEERING SERVICES LIMITED","Gwalior","O&M Circle Ashoknagar","O&M Division Ashoknagar","Toomen DC","Gwalior","202790","33/11 kv Bhadon S/S","2025-10-09","2025-10-09","2025-10-09",NULL,"2025-10-09","2025-10-09"
"M/s UNIVERSAL MEP PROJECTS & ENGINEERING SERVICES LIMITED","Gwalior","O&M Circle Shivpuri","O&M Division Pichhore","Khod DC","Gwalior","47304","new substation","2026-01-28",NULL,NULL,NULL,NULL,NULL
"K K Construction Co","Bhopal","O&M Circle Harda","O&M Division Harda North","Charuwa D/C","Bhopal","210359","ADD.KALAKAHU WALA","2026-03-20","2026-04-25",NULL,NULL,NULL,NULL
"M/s UNIVERSAL MEP PROJECTS & ENGINEERING SERVICES LIMITED","Gwalior","O&M Circle Bhind","O&M Division Bhind","Bhind Water Work City Zone","Gwalior","217776","NEW ATER ROAD SS","2025-10-09","2025-10-09","2025-10-09",NULL,"2025-10-09","2025-10-09"
"K K Construction Co","Bhopal","O&M Circle Harda","O&M Division Harda North","Khirkiya D/C","Bhopal","253906","LT Cable Augmentation Jhanda Chowk -1 wala 0127","2025-05-18","2025-06-06","2025-12-08","2025-06-06","2025-12-10","2025-12-10"
"K K Construction Co","Bhopal","O&M Circle Harda","O&M Division Harda South","Rehatgaon D/C","Bhopal","249798","100 KVA JACHAKI WALA RAHATGAON ADDITIONAL","2025-05-18","2025-05-18",NULL,NULL,NULL,NULL
"K K Construction Co","Bhopal","O&M Circle Harda","O&M Division Harda North","Harda North D/C","Bhopal","212456","BHAMORI ADDISTIONA DTR VIJAY PATEL","2025-05-17","2025-05-17","2025-12-08","2025-09-24","2025-12-10","2025-12-10"
"K K Construction Co","Bhopal","O&M Circle Harda","O&M Division Harda North","Charuwa D/C","Bhopal","218756","Additional IMLIDANA","2025-05-17","2025-05-17",NULL,NULL,NULL,NULL
"K K Construction Co","Bhopal","O&M Circle Harda","O&M Division Harda North","Khirkiya D/C","Bhopal","265518","LT Cable Augmentation Pandit ji ke ghar ke pass","2025-05-17","2025-05-18","2025-12-08","2025-06-06","2025-12-10","2025-12-10"
"K K Construction Co","Bhopal","O&M Circle Harda","O&M Division Harda North","Charuwa D/C","Bhopal","202434","ADD. BHIMPURA BAJRANG KHEDA WALA","2025-05-16","2025-05-17",NULL,NULL,NULL,NULL
"K K Construction Co","Bhopal","O&M Circle Harda","O&M Division Harda North","Charuwa D/C","Bhopal","202280","ADDITIONAL patel wala junapani","2025-05-16","2025-05-17",NULL,NULL,NULL,NULL
"K K Construction Co","Bhopal","O&M Circle Harda","O&M Division Harda North","Charuwa D/C","Bhopal","210979","ADDITIONAL JUNAPANI PUMP WALA","2025-05-17","2025-05-17",NULL,NULL,NULL,NULL
"M/s UNIVERSAL MEP PROJECTS & ENGINEERING SERVICES LIMITED","Gwalior","O&M Circle Guna","O&M Division Raghogarh","Kumbhraj DC","Gwalior","48262","33kv new s/s 33kv line","2025-11-01","2026-03-24","2026-04-11","2026-01-03","2026-04-15","2026-04-16"
"K K Construction Co","Bhopal","O&M Circle Harda","O&M Division Harda North","Khirkiya D/C","Bhopal","267812","NEW ADDI SHARAD SARAN 63 KVA SARANGPUR","2025-05-17","2025-05-18","2025-12-08","2025-06-06","2025-12-10","2025-12-10"
"K K Construction Co","Bhopal","O&M Circle Harda","O&M Division Harda South","Sirali Distribution Center","Bhopal","243836","additional dtr Rahul Rajput wala 63 kva","2025-05-18","2025-05-18","2025-12-03","2025-09-24","2025-12-10","2025-12-10"
"K K Construction Co","Bhopal","O&M Circle Harda","O&M Division Harda South","Sirali Distribution Center","Bhopal","243648","Additional Rajkumar kaka wala 63 kva","2025-05-18","2025-05-18","2025-12-03","2025-09-24","2025-12-10","2025-12-10"
"K K Construction Co","Bhopal","O&M Circle Harda","O&M Division Harda North","Khirkiya D/C","Bhopal","259734","LT Cable Augmentation Sobhagya Yojna wala 0685","2025-05-17","2025-05-18","2025-12-08","2025-06-06","2025-12-10","2025-12-10"
"K K Construction Co","Bhopal","O&M Circle Harda","O&M Division Harda North","Khirkiya D/C","Bhopal","255724","LT Cable Augmentation Bajrang Mandir wala 0394","2025-05-17","2025-05-17","2025-12-08","2025-06-06","2025-12-10","2025-12-10"
"K K Construction Co","Bhopal","O&M Circle Harda","O&M Division Harda South","Timarni D/C","Bhopal","241879","CABLE AUGUMENTATION 267 AWAS BARJA","2025-06-02","2025-06-06","2025-12-05","2025-09-24","2025-12-10","2025-12-10"
"K K Construction Co","Bhopal","O&M Circle Harda","O&M Division Harda South","Sirali Distribution Center","Bhopal","242480","additional dtr Rakesh rathore wala 100 kva","2025-06-02","2025-06-06","2025-12-03","2025-08-21","2025-12-10","2025-12-10"
"M/s UNIVERSAL MEP PROJECTS & ENGINEERING SERVICES LIMITED","Gwalior","O&M Circle Ashoknagar","O&M Division Ashoknagar","Toomen DC","Gwalior","241520","Feeder Sepration : bhadon awadi","2025-10-01","2025-10-01","2025-10-01",NULL,"2025-10-01","2025-10-01"
"K K Construction Co","Bhopal","O&M Circle Harda","O&M Division Harda North","Khirkiya D/C","Bhopal","240122","NEW ADDI HARIJAN COLONY WALA 63 KVA PIPALIYA","2025-05-17","2025-05-17","2025-12-08","2025-06-06","2025-12-10","2025-12-10"
"K K Construction Co","Bhopal","O&M Circle Harda","O&M Division Harda South","Timarni D/C","Bhopal","69719","11KV BADNI NAHA 2 AGRICULTURE","2025-05-02","2025-05-02","2025-12-05","2025-09-24","2025-12-10","2025-12-10"
"K K Construction Co","Bhopal","O&M Circle Harda","O&M Division Harda South","Kartana D/C","Bhopal","231698","kuhig wadi additional 100","2025-05-17","2025-05-17","2025-12-08","2025-11-05","2025-12-10","2025-12-10"
"K K Construction Co","Bhopal","O&M Circle Harda","O&M Division Harda South","Timarni D/C","Bhopal","276270","11 KV CONVERSION OF 70712-BHADUGAON PUMP","2025-05-02","2025-05-02","2025-12-05","2025-09-24","2025-12-10","2025-12-10"
"M/s UNIVERSAL MEP PROJECTS & ENGINEERING SERVICES LIMITED","Gwalior","O&M Circle Morena","O&M Division Sabalgarh","Sabalgarh Urban","Gwalior","48667","New 33/11 KV S/S","2026-01-28","2026-03-25","2026-04-06","2026-04-06","2026-04-13","2026-04-13"
"K K Construction Co","Bhopal","O&M Circle Harda","O&M Division Harda North","Harda North D/C","Bhopal","241602","Sonkhedi additional DTR mata rani chok","2026-03-21","2026-04-25",NULL,NULL,NULL,NULL
"K K Construction Co","Bhopal","O&M Circle Harda","O&M Division Harda South","Kartana D/C","Bhopal","243326","lt cable aug work rakesh sarver 25kva kartana","2026-03-18","2026-03-25",NULL,NULL,NULL,NULL
"K K Construction Co","Bhopal","O&M Circle Harda","O&M Division Harda North","Charuwa D/C","Bhopal","208005","LT DEEPGAON BUS STAND","2025-05-16","2025-05-17",NULL,NULL,NULL,NULL
"K K Construction Co","Bhopal","O&M Circle Harda","O&M Division Harda North","Charuwa D/C","Bhopal","211108","LT CABLE SOMGAON","2025-05-17","2025-05-17",NULL,NULL,NULL,NULL
"K K Construction Co","Bhopal","O&M Circle Harda","O&M Division Harda South","Kartana D/C","Bhopal","243255","lt cable shiv pujari kartana 25kva","2026-03-18","2026-03-18",NULL,NULL,NULL,NULL
"K K Construction Co","Bhopal","O&M Circle Harda","O&M Division Harda North","Harda North D/C","Bhopal","265407","BHAMORI LT CABLE AUG SCHOOL WALA DTR","2025-05-17","2025-05-17","2025-12-08","2025-09-24","2025-12-10","2025-12-10"
"K K Construction Co","Bhopal","O&M Circle Harda","O&M Division Harda North","Khirkiya D/C","Bhopal","259736","LT Cable Augmentation DHANWADA ROAD WALA 0374","2025-05-17","2025-05-18","2025-12-08","2025-06-06","2025-12-10","2025-12-10"
"K K Construction Co","Bhopal","O&M Circle Harda","O&M Division Harda South","Kartana D/C","Bhopal","227302","63 kva dtr additional pura me school ke pas","2025-05-17","2025-05-17","2025-12-08","2025-11-05","2025-12-10","2025-12-10"
"K K Construction Co","Bhopal","O&M Circle Harda","O&M Division Harda South","Rehatgaon D/C","Bhopal","243750","100 KVA TALAB WALA TEMAGAON ADD.","2025-05-18","2025-05-18","2026-03-10","2026-03-09","2026-03-15","2026-03-15"
"K K Construction Co","Bhopal","O&M Circle Harda","O&M Division Harda North","Harda North D/C","Bhopal","270056","Conversion of LT Line : AJANAI LT CABLE AUG SCHOOL KE PASS WALA DTR","2025-05-17","2025-05-17","2025-12-08","2025-09-24","2025-12-10","2025-12-10"
"K K Construction Co","Bhopal","O&M Circle Harda","O&M Division Harda North","Harda South D/C","Bhopal","256346","LT line augmentation choti sukhras 2","2025-05-17","2025-05-17","2025-12-08","2025-09-23","2025-12-10","2025-12-10"
"K K Construction Co","Bhopal","O&M Circle Harda","O&M Division Harda South","Kartana D/C","Bhopal","227145","addtional bandhu camp kartana","2025-05-17","2025-05-17","2025-12-08","2025-11-05","2025-12-10","2025-12-10"
"K K Construction Co","Bhopal","O&M Circle Harda","O&M Division Harda South","Rehatgaon D/C","Bhopal","252390","100 KVA JHIRIKHEDA GAON WALA ADDITIONAL","2025-05-18","2025-05-18","2026-03-10","2026-03-09","2026-03-15","2026-03-15"
"K K Construction Co","Bhopal","O&M Circle Harda","O&M Division Harda North","Harda South D/C","Bhopal","256226","LT line augmentation badi sukhras 2","2025-05-17","2025-05-17",NULL,NULL,NULL,NULL
"K K Construction Co","Bhopal","O&M Circle Harda","O&M Division Harda South","Kartana D/C","Bhopal","262809","LT cable AUGU PAWAN WALA NAYAGAON","2025-05-17","2025-05-17","2025-12-08","2025-11-05","2025-12-10","2025-12-10"
"K K Construction Co","Bhopal","O&M Circle Harda","O&M Division Harda North","Khirkiya D/C","Bhopal","255275","LT TO CONDUCTOR MALI MOHLLA WALA 63 KVA 0195","2025-05-17","2025-05-17","2025-12-08","2025-06-06","2025-12-10","2025-12-10"
"K K Construction Co","Bhopal","O&M Circle Harda","O&M Division Harda North","Harda North D/C","Bhopal","265405","BHAMORI LT CABLE AUG GAON WALA DTR","2025-05-17","2025-05-17","2025-12-08","2025-09-24","2025-12-10","2025-12-10"
"M/s UNIVERSAL MEP PROJECTS & ENGINEERING SERVICES LIMITED","Gwalior","O&M Circle Ashoknagar","O&M Division Mungawli","Piprai DC","Gwalior","64513","NEW FEEDER BHATOLI ABADI","2025-09-30","2025-09-30","2025-09-30",NULL,"2025-09-30","2025-09-30"
"K K Construction Co","Bhopal","O&M Circle Harda","O&M Division Harda North","Khirkiya D/C","Bhopal","266419","Conversion of LT Line : LT Cable Augmentation KUDAWA 1 NO all DTR","2025-05-17","2025-05-18","2025-12-08","2025-06-06","2025-12-10","2025-12-10"
"K K Construction Co","Bhopal","O&M Circle Harda","O&M Division Harda South","Sirali Distribution Center","Bhopal","243652","Additional satyanarayan patel wala 63 kva","2025-05-18","2025-05-18","2025-12-03","2025-09-24","2025-12-10","2025-12-10"
"M/s UNIVERSAL MEP PROJECTS & ENGINEERING SERVICES LIMITED","Gwalior","O&M Circle Guna","O&M Division Guna","Bajrangarh DC","Gwalior","66713","Feeder Sepration : New 11 kv karodiya awadi","2025-01-29","2025-03-27","2025-03-27",NULL,"2025-03-28","2025-03-29"
"M/s UNIVERSAL MEP PROJECTS & ENGINEERING SERVICES LIMITED","Gwalior","O&M Circle Guna","O&M Division Guna","Rampur DC","Gwalior","220133","11 kv panwadi abadi bifurcation","2025-01-29","2025-03-27","2025-03-27",NULL,"2025-03-28","2025-03-29"
"M/s UNIVERSAL MEP PROJECTS & ENGINEERING SERVICES LIMITED","Gwalior","O&M Circle Sheopur","O&M Division Sheopur South","Baroda DC","Gwalior","40616","11 kv Utanwad Abadi","2025-11-24","2025-11-24","2025-12-09","2025-11-30","2025-12-10","2025-12-11"
"M/s UNIVERSAL MEP PROJECTS & ENGINEERING SERVICES LIMITED","Gwalior","O&M Circle Sheopur","O&M Division Sheopur North","Gaswani DC","Gwalior","40647","11 kv sahasram Abadi","2025-06-02","2025-06-03","2025-06-09","2025-06-05","2025-07-21",NULL
"M/s UNIVERSAL MEP PROJECTS & ENGINEERING SERVICES LIMITED","Gwalior","O&M Circle Ashoknagar","O&M Division Mungawli","Piprai DC","Gwalior","221514","Feeder Sepration : Feeder seperation Kukretha kariyakhedi","2026-02-11","2026-02-18","2026-04-15","2026-03-25","2026-04-23","2026-04-23"
"M/s UNIVERSAL MEP PROJECTS & ENGINEERING SERVICES LIMITED","Gwalior","O&M Circle Shivpuri","O&M Division Pichhore","Khaniyadhana (R) DC","Gwalior","246924","Feeder Sepration : FSP Muhasa Mixed Feeder","2025-10-08","2025-10-08","2025-10-08",NULL,"2025-10-08","2025-10-08"
"M/s UNIVERSAL MEP PROJECTS & ENGINEERING SERVICES LIMITED","Gwalior","O&M Circle Sheopur","O&M Division Sheopur South","Baroda DC","Gwalior","228719","11 kv verdha bhukari abadi with LT line 1","2025-06-18","2025-06-18","2025-06-18","2025-06-17","2025-06-18","2025-06-20"
"M/s UNIVERSAL MEP PROJECTS & ENGINEERING SERVICES LIMITED","Gwalior","O&M Circle Ashoknagar","O&M Division Ashoknagar","Eshagarh DC","Gwalior","222267","Feeder Sepration : Re-serve FS 11 kv Mahneti Mix fedeer","2026-03-13","2026-03-14",NULL,"2026-03-27",NULL,NULL
"M/s UNIVERSAL MEP PROJECTS & ENGINEERING SERVICES LIMITED","Gwalior","O&M Circle Ashoknagar","O&M Division Ashoknagar","Eshagarh DC","Gwalior","60523","sepration of 11 kv janghar mix feeder","2026-03-12","2026-03-12",NULL,"2026-03-27",NULL,NULL
"M/s UNIVERSAL MEP PROJECTS & ENGINEERING SERVICES LIMITED","Gwalior","O&M Circle Ashoknagar","O&M Division Mungawli","Bhadurpur DC","Gwalior","243445","Feeder Sepration : Bahadurpur Gramin DLF","2026-05-05",NULL,NULL,NULL,NULL,NULL
"M/s UNIVERSAL MEP PROJECTS & ENGINEERING SERVICES LIMITED","Gwalior","O&M Circle Ashoknagar","O&M Division Ashoknagar","Toomen DC","Gwalior","241506","Feeder Sepration : water wrorks awadi","2026-02-16","2026-02-16","2026-02-24","2026-02-17","2026-02-24","2026-02-24"
"M/s UNIVERSAL MEP PROJECTS & ENGINEERING SERVICES LIMITED","Gwalior","O&M Circle Ashoknagar","O&M Division Mungawli","Bhadurpur DC","Gwalior","62262","kareela mix","2025-10-01","2025-10-01","2025-10-01",NULL,"2025-10-01","2025-10-01"
"M/s UNIVERSAL MEP PROJECTS & ENGINEERING SERVICES LIMITED","Gwalior","O&M Circle Ashoknagar","O&M Division Mungawli","Piprai DC","Gwalior","221199","Feeder Sepration : Feeder seperation Khanpur -bhariyakhedi","2026-03-13","2026-03-14","2026-04-15","2026-03-25","2026-04-23","2026-04-23"
"M/s UNIVERSAL MEP PROJECTS & ENGINEERING SERVICES LIMITED","Gwalior","O&M Circle Ashoknagar","O&M Division Ashoknagar","Eshagarh DC","Gwalior","224326","Feeder Sepration : Re-serve FS 11 kv kohrwash Mix fedeer","2026-02-11","2026-02-13","2026-02-16","2026-02-16","2026-02-24","2026-02-24"
"M/s UNIVERSAL MEP PROJECTS & ENGINEERING SERVICES LIMITED","Gwalior","O&M Circle Ashoknagar","O&M Division Ashoknagar","Naisarai DC","Gwalior","241632","11kv FS Akhaighat abadi","2025-10-01","2025-10-01","2025-10-01",NULL,"2025-10-01","2025-10-01"
"M/s UNIVERSAL MEP PROJECTS & ENGINEERING SERVICES LIMITED","Gwalior","O&M Circle Ashoknagar","O&M Division Ashoknagar","Shadora DC","Gwalior","237640","Feeder Sepration : Feeder seperation work of Khejrakhurd 2 (Revised)","2025-10-01","2025-10-01","2025-10-01",NULL,"2025-10-01","2025-10-01"
"M/s UNIVERSAL MEP PROJECTS & ENGINEERING SERVICES LIMITED","Gwalior","O&M Circle Ashoknagar","O&M Division Ashoknagar","Toomen DC","Gwalior","241930","Feeder Sepration : barodiya awadi","2026-03-09","2026-03-12",NULL,NULL,NULL,NULL
"M/s UNIVERSAL MEP PROJECTS & ENGINEERING SERVICES LIMITED","Gwalior","O&M Circle Ashoknagar","O&M Division Ashoknagar","Eshagarh DC","Gwalior","222165","Feeder Sepration : Re-serve FS 11 kv Jagathpur Mix fedeer","2025-09-02","2025-09-02","2026-02-24","2026-02-14","2026-02-24","2026-02-24"
"M/s UNIVERSAL MEP PROJECTS & ENGINEERING SERVICES LIMITED","Gwalior","O&M Circle Ashoknagar","O&M Division Mungawli","Meerkabad DC","Gwalior","238177","Feeder Sepration : 11 KV Kenwara DLF","2025-07-15","2025-07-15",NULL,NULL,NULL,NULL
"M/s UNIVERSAL MEP PROJECTS & ENGINEERING SERVICES LIMITED","Gwalior","O&M Circle Ashoknagar","O&M Division Ashoknagar","Toomen DC","Gwalior","241524","Feeder Sepration : anantpur awadi","2025-09-02","2025-09-02","2026-02-14","2025-09-29","2026-02-24","2026-02-24"
"M/s UNIVERSAL MEP PROJECTS & ENGINEERING SERVICES LIMITED","Gwalior","O&M Circle Ashoknagar","O&M Division Ashoknagar","Naisarai DC","Gwalior","241678","11 KV FS KALABAG ABADI","2025-10-08","2025-10-08","2026-03-25","2026-02-18",NULL,NULL
"M/s UNIVERSAL MEP PROJECTS & ENGINEERING SERVICES LIMITED","Gwalior","O&M Circle Ashoknagar","O&M Division Mungawli","Bhadurpur DC","Gwalior","220997","Feeder Sepration : banhai fedar fs new 11 kv line","2026-05-05",NULL,NULL,NULL,NULL,NULL
"M/s UNIVERSAL MEP PROJECTS & ENGINEERING SERVICES LIMITED","Gwalior","O&M Circle Ashoknagar","O&M Division Ashoknagar","Toomen DC","Gwalior","242338","Feeder Sepration : Akhai DLF","2025-10-01","2025-10-01","2025-10-01",NULL,"2025-10-01","2025-10-01"
"K K Construction Co","Bhopal","O&M Circle Harda","O&M Division Harda North","Charuwa D/C","Bhopal","212204","LT SHOBHAPUR","2026-03-18","2026-04-25",NULL,NULL,NULL,NULL
"K K Construction Co","Bhopal","O&M Circle Harda","O&M Division Harda South","Kartana D/C","Bhopal","70760","11KV Augmentation","2026-03-20","2026-03-21",NULL,NULL,NULL,NULL
"K K Construction Co","Bhopal","O&M Circle Harda","O&M Division Harda South","Kartana D/C","Bhopal","245769","LT Con. & Aug.","2026-03-18","2026-03-19",NULL,NULL,NULL,NULL
"K K Construction Co","Bhopal","O&M Circle Harda","O&M Division Harda North","Khirkiya D/C","Bhopal","259740","LT Cable Augmentation Devpur khedi wala 0371","2025-05-17","2025-05-18","2025-12-08","2025-06-06","2025-12-10","2025-12-10"
"K K Construction Co","Bhopal","O&M Circle Harda","O&M Division Harda South","Kartana D/C","Bhopal","262903","LT CABLE WORK harishankar wala nayagaon","2025-06-07","2025-06-07","2025-12-08","2025-11-05","2025-12-10","2025-12-10"
"K K Construction Co","Bhopal","O&M Circle Harda","O&M Division Harda South","Timarni D/C","Bhopal","263480","SEPRATE AG 63KVA 1 NO. CHHIDGAON","2025-06-02","2025-06-06","2025-12-05","2025-09-24","2025-12-10","2025-12-10"
"K K Construction Co","Bhopal","O&M Circle Harda","O&M Division Harda South","Rehatgaon D/C","Bhopal","252485","100 KVA KUTI No 2 NANDWA ADDITIONAL","2026-03-19","2026-03-25",NULL,NULL,NULL,NULL
"K K Construction Co","Bhopal","O&M Circle Harda","O&M Division Harda South","Timarni D/C","Bhopal","64048","additional 100kva lewa wala","2025-06-02","2025-06-06","2025-12-08","2025-09-24","2025-12-10","2025-12-10"
"K K Construction Co","Bhopal","O&M Circle Harda","O&M Division Harda South","Rehatgaon D/C","Bhopal","205996","LUJGAON AG FEEDER","2025-02-28","2025-03-01","2025-03-01","2026-03-12","2025-03-04","2025-03-04"
"K K Construction Co","Bhopal","O&M Circle Harda","O&M Division Harda South","Sirali Distribution Center","Bhopal","40527","Manpura","2026-03-20","2026-03-21",NULL,NULL,NULL,NULL
"K K Construction Co","Bhopal","O&M Circle Harda","O&M Division Harda South","Timarni D/C","Bhopal","234129","11 KV CONVERSION OF 70715-CHIPANER","2026-03-20","2026-03-21",NULL,NULL,NULL,NULL
"K K Construction Co","Bhopal","O&M Circle Harda","O&M Division Harda North","Charuwa D/C","Bhopal","217341","CHURIKHAL FEEDAR INTAR CONECTION","2026-04-15",NULL,NULL,NULL,NULL,NULL
"K K Construction Co","Bhopal","O&M Circle Harda","O&M Division Harda North","Harda North D/C","Bhopal","220670","11KV BIFURCATION BHADUGAON DLF","2026-03-20","2026-03-21",NULL,NULL,NULL,NULL
"K K Construction Co","Bhopal","O&M Circle Harda","O&M Division Harda South","Sirali Distribution Center","Bhopal","40675","sonpura","2026-03-20","2026-03-21",NULL,NULL,NULL,NULL
"K K Construction Co","Bhopal","O&M Circle Harda","O&M Division Harda South","Timarni D/C","Bhopal","240483","11 KV CONVERSION OF 70716-TIMARNI (TOWN)","2026-03-20","2026-03-21",NULL,NULL,NULL,NULL
"K K Construction Co","Bhopal","O&M Circle Harda","O&M Division Harda North","Charuwa D/C","Bhopal","204876","INTR. BHAGWANPURA TO BHAHADA CHARUWA2","2026-03-20","2026-04-25",NULL,NULL,NULL,NULL
"K K Construction Co","Bhopal","O&M Circle Harda","O&M Division Harda South","Timarni D/C","Bhopal","222765","New 11kv Dholpur biffurgation","2026-03-20","2026-03-21",NULL,NULL,NULL,NULL
"K K Construction Co","Bhopal","O&M Circle Harda","O&M Division Harda North","Khirkiya D/C","Bhopal","270186","NEW 11 KV LODHIYAKHEDI PUMP FEEDER","2025-05-02","2025-05-02","2025-12-08","2025-05-05","2025-12-10","2025-12-10"
"K K Construction Co","Bhopal","O&M Circle Harda","O&M Division Harda South","Sirali Distribution Center","Bhopal","69455","Feeder Sepration : MATA MAI","2026-03-20","2026-03-21",NULL,NULL,NULL,NULL
"K K Construction Co","Bhopal","O&M Circle Harda","O&M Division Harda South","Sirali Distribution Center","Bhopal","69474","Feeder Sepration : PATKALA","2026-03-20","2026-03-21",NULL,NULL,NULL,NULL
"K K Construction Co","Bhopal","O&M Circle Harda","O&M Division Harda North","Harda North D/C","Bhopal","204217","INTERCONNECTION AJANAS JHALWA PUMP SCHOOL KE PASS","2026-03-20",NULL,NULL,NULL,NULL,NULL
"K K Construction Co","Bhopal","O&M Circle Harda","O&M Division Harda South","Timarni D/C","Bhopal","219542","NEW 11KV NIMACHA AG FEEDER","2026-03-20","2026-03-21",NULL,NULL,NULL,NULL
"K K Construction Co","Bhopal","O&M Circle Harda","O&M Division Harda South","Sirali Distribution Center","Bhopal","69431","Feeder Sepration : KALKUND","2026-03-20","2026-03-21",NULL,NULL,NULL,NULL
"K K Construction Co","Bhopal","O&M Circle Harda","O&M Division Harda North","Harda South D/C","Bhopal","218491","interconnection of bhamaner feeder","2025-09-06","2025-09-07","2025-11-10","2025-09-23","2025-11-13","2025-11-13"
"K K Construction Co","Bhopal","O&M Circle Harda","O&M Division Harda North","Harda North D/C","Bhopal","204214","INTERCONNECTION AJANAS JHALWA PUMP KEER WALA2","2025-02-28","2025-02-28","2025-03-02","2025-09-24","2025-03-04","2025-03-04"
"K K Construction Co","Bhopal","O&M Circle Harda","O&M Division Harda North","Harda North D/C","Bhopal","204189","INTERCONNECTION RELWA JHALWA PUMP SURENDRA DTR","2026-03-20",NULL,NULL,NULL,NULL,NULL
"K K Construction Co","Bhopal","O&M Circle Harda","O&M Division Harda North","Harda North D/C","Bhopal","206686","INTERCONNECTIO ABGAONKHURD PUMP SHIVSHANKAR DTR","2026-03-20",NULL,NULL,NULL,NULL,NULL
"K K Construction Co","Bhopal","O&M Circle Harda","O&M Division Harda North","Harda North D/C","Bhopal","201194","INTER CONNECTION ABGHAON PUMP PIDGAON FULLU PATEL","2026-03-20","2026-04-25",NULL,NULL,NULL,NULL
"K K Construction Co","Bhopal","O&M Circle Harda","O&M Division Harda North","Harda North D/C","Bhopal","209750","INTERCONNECTION NANDRA RAHUL DTR TO GOYAT RAMLAL","2026-03-20",NULL,NULL,NULL,NULL,NULL
"K K Construction Co","Bhopal","O&M Circle Harda","O&M Division Harda North","Charuwa D/C","Bhopal","211619","LT ANJRUD MAL","2025-05-17","2025-05-17",NULL,NULL,NULL,NULL
"K K Construction Co","Bhopal","O&M Circle Harda","O&M Division Harda South","Timarni D/C","Bhopal","262945","interconnection beetween sotada and dholpur feeder","2025-09-06","2025-09-07","2025-11-03","2025-09-24","2025-11-04","2025-11-04"
"K K Construction Co","Bhopal","O&M Circle Harda","O&M Division Harda North","Charuwa D/C","Bhopal","204897","PRATAPURA KHEDA MOHALL","2026-03-18","2026-04-25",NULL,NULL,NULL,NULL
"K K Construction Co","Bhopal","O&M Circle Harda","O&M Division Harda North","Khirkiya D/C","Bhopal","256835","LT Cable Augmentation office compound walakv 0415","2026-03-19","2026-03-29",NULL,NULL,NULL,NULL
"K K Construction Co","Bhopal","O&M Circle Harda","O&M Division Harda North","Charuwa D/C","Bhopal","242395","LT BARE CONDUCTOR TO CABLE JUNAPANI(185)","2026-03-18",NULL,NULL,NULL,NULL,NULL
"K K Construction Co","Bhopal","O&M Circle Harda","O&M Division Harda North","Charuwa D/C","Bhopal","241755","LT bare conductor to cable Junapani B","2026-03-18",NULL,NULL,NULL,NULL,NULL
"K K Construction Co","Bhopal","O&M Circle Harda","O&M Division Harda North","Charuwa D/C","Bhopal","211104","LT LINE MORGAODI","2026-03-18","2026-04-25",NULL,NULL,NULL,NULL
"K K Construction Co","Bhopal","O&M Circle Harda","O&M Division Harda North","Charuwa D/C","Bhopal","212127","LT DEDGAON MAL","2026-03-18","2026-04-25",NULL,NULL,NULL,NULL
"K K Construction Co","Bhopal","O&M Circle Harda","O&M Division Harda North","Charuwa D/C","Bhopal","211864","LT NEW choki","2026-03-18","2026-04-25",NULL,NULL,NULL,NULL
"K K Construction Co","Bhopal","O&M Circle Harda","O&M Division Harda North","Charuwa D/C","Bhopal","211346","LT AARIYA","2026-03-18","2026-04-25",NULL,NULL,NULL,NULL
"K K Construction Co","Bhopal","O&M Circle Harda","O&M Division Harda North","Khirkiya D/C","Bhopal","257099","LT AUGGUMTETION anand nagar rath WALA 200 KVA 0022","2026-03-18","2026-03-29",NULL,NULL,NULL,NULL
"K K Construction Co","Bhopal","O&M Circle Harda","O&M Division Harda North","Khirkiya D/C","Bhopal","264834","AUG. LT CABLE MARDANPUR GAON","2026-03-18","2026-03-28",NULL,NULL,NULL,NULL
"K K Construction Co","Bhopal","O&M Circle Harda","O&M Division Harda North","Khirkiya D/C","Bhopal","256796","LT Cable Augmentation Forest wala 100 kva 0409","2026-03-18","2026-03-29",NULL,NULL,NULL,NULL
"K K Construction Co","Bhopal","O&M Circle Harda","O&M Division Harda North","Khirkiya D/C","Bhopal","248454","Conversion of LT Line DTR Collage wala Cable Aug","2026-03-18","2026-03-29",NULL,NULL,NULL,NULL
"K K Construction Co","Bhopal","O&M Circle Harda","O&M Division Harda North","Khirkiya D/C","Bhopal","260135","LT Cable Augmentation Masjid wala khedipura 0037","2026-03-18","2026-03-28",NULL,NULL,NULL,NULL
"K K Construction Co","Bhopal","O&M Circle Harda","O&M Division Harda North","Khirkiya D/C","Bhopal","257010","LT AUGGUMTETION FOKATPURA WALA 100 KVA 0409","2026-03-18","2026-03-29",NULL,NULL,NULL,NULL
"K K Construction Co","Bhopal","O&M Circle Harda","O&M Division Harda North","Khirkiya D/C","Bhopal","257570","LT CABLE AUGGUMTETION EIT BHATTA 2 . 25 KVA 0126","2026-03-18","2026-03-28",NULL,NULL,NULL,NULL
"K K Construction Co","Bhopal","O&M Circle Harda","O&M Division Harda North","Masangaon D/C","Bhopal","264642","AUG. LT CABLE MASANGON","2026-03-18","2026-03-28",NULL,NULL,NULL,NULL
"K K Construction Co","Bhopal","O&M Circle Harda","O&M Division Harda North","Khirkiya D/C","Bhopal","257511","LT Augmentation high school Dana baba 100kv 0128","2026-03-18","2026-03-29",NULL,NULL,NULL,NULL
"K K Construction Co","Bhopal","O&M Circle Harda","O&M Division Harda North","Khirkiya D/C","Bhopal","257097","LT AUGGUMTETION petrol pump WALA 100 KVA 0485","2026-03-18","2026-03-29",NULL,NULL,NULL,NULL
"K K Construction Co","Bhopal","O&M Circle Harda","O&M Division Harda North","Khirkiya D/C","Bhopal","257594","LT CABLE AUGGUMTETION EIT BHATTA 3 . 25 KVA 0486","2026-03-18","2026-03-28",NULL,NULL,NULL,NULL
"K K Construction Co","Bhopal","O&M Circle Harda","O&M Division Harda North","Charuwa D/C","Bhopal","242420","LT BARE CONDUCTOR TO CABLE SANGWA(261)","2026-03-18",NULL,NULL,NULL,NULL,NULL
"K K Construction Co","Bhopal","O&M Circle Harda","O&M Division Harda North","Khirkiya D/C","Bhopal","255723","LT Cable Augmentation Nagawa Road wala 25 kva 0403","2026-03-18","2026-03-29",NULL,NULL,NULL,NULL
"K K Construction Co","Bhopal","O&M Circle Harda","O&M Division Harda North","Khirkiya D/C","Bhopal","253737","LT Cable Augmentation Harda Road Petrol pump 0485","2026-03-18","2026-03-29",NULL,NULL,NULL,NULL
"K K Construction Co","Bhopal","O&M Circle Harda","O&M Division Harda North","Khirkiya D/C","Bhopal","253238","LT Cable Augmentation Pani Tanki wala 0386","2026-03-18","2026-03-29",NULL,NULL,NULL,NULL
"K K Construction Co","Bhopal","O&M Circle Harda","O&M Division Harda North","Khirkiya D/C","Bhopal","264811","AUG.LT CABLE PANDHANIYA GAON","2026-03-18","2026-03-28",NULL,NULL,NULL,NULL
"K K Construction Co","Bhopal","O&M Circle Harda","O&M Division Harda North","Charuwa D/C","Bhopal","242406","LT BARE CONDUCTOR TO CABLE MAKTAPUR(717)","2026-03-18",NULL,NULL,NULL,NULL,NULL
"K K Construction Co","Bhopal","O&M Circle Harda","O&M Division Harda North","Charuwa D/C","Bhopal","242444","LT BARE CONDUCTOR TO CABLE SONPURA(295)","2026-03-19",NULL,NULL,NULL,NULL,NULL
"K K Construction Co","Bhopal","O&M Circle Harda","O&M Division Harda North","Khirkiya D/C","Bhopal","253908","LT Cable Augmentation Charuwa Road wala 0181","2026-03-18","2026-03-29",NULL,NULL,NULL,NULL
"K K Construction Co","Bhopal","O&M Circle Harda","O&M Division Harda North","Khirkiya D/C","Bhopal","253902","LT Cable Augmentation Khandwa Road wala 0484","2026-03-18","2026-03-29",NULL,NULL,NULL,NULL
"K K Construction Co","Bhopal","O&M Circle Harda","O&M Division Harda North","Harda South D/C","Bhopal","257205","LT line augmentation tower ke pass kelanpur","2026-03-18","2026-04-06",NULL,NULL,NULL,NULL
"K K Construction Co","Bhopal","O&M Circle Harda","O&M Division Harda North","Charuwa D/C","Bhopal","242418","LT BARE CONDUCTOR TO CABLE KHEDI MAL(255)","2026-03-18",NULL,NULL,NULL,NULL,NULL
"K K Construction Co","Bhopal","O&M Circle Harda","O&M Division Harda North","Khirkiya D/C","Bhopal","258221","LT AUGGUMTETION sobhagya yojana wala 25 kva 0683","2025-05-17","2025-05-18","2025-12-08","2025-06-06","2025-12-10","2025-12-10"
"K K Construction Co","Bhopal","O&M Circle Harda","O&M Division Harda North","Charuwa D/C","Bhopal","242416","LT BARE CONDUCTOR TO CABLE PRATAPPUA(200)","2026-03-18",NULL,NULL,NULL,NULL,NULL
"K K Construction Co","Bhopal","O&M Circle Harda","O&M Division Harda North","Charuwa D/C","Bhopal","242409","LT BARE CONDUCTOR TO CABLE MAKTAPUR(399)","2026-03-18",NULL,NULL,NULL,NULL,NULL
"K K Construction Co","Bhopal","O&M Circle Harda","O&M Division Harda North","Khirkiya D/C","Bhopal","257404","Conversion of LT Line : LT conducter to cable 70sqmm saktapur 63kva dtr","2026-03-18","2026-03-28",NULL,NULL,NULL,NULL
"K K Construction Co","Bhopal","O&M Circle Harda","O&M Division Harda North","Khirkiya D/C","Bhopal","256819","LT Cable Augmentation pahat road wala 63 kva 0487","2025-05-18","2025-06-06","2025-12-08","2025-06-06","2025-12-10","2025-12-10"
"K K Construction Co","Bhopal","O&M Circle Harda","O&M Division Harda North","Charuwa D/C","Bhopal","242396","LT BARE CONDUCTOR TO CABLE JUNAPANI(799)","2025-05-17","2025-05-17",NULL,NULL,NULL,NULL
"K K Construction Co","Bhopal","O&M Circle Harda","O&M Division Harda North","Harda South D/C","Bhopal","265907","LT augmentation work bundra","2026-03-18","2026-04-06",NULL,NULL,NULL,NULL
"K K Construction Co","Bhopal","O&M Circle Harda","O&M Division Harda South","Timarni D/C","Bhopal","241836","CABLE AUGUMENTATION 4544410019 MADHAV NAGAR 3","2026-03-18","2026-03-20",NULL,NULL,NULL,NULL
"K K Construction Co","Bhopal","O&M Circle Harda","O&M Division Harda North","Khirkiya D/C","Bhopal","256859","LT Cable Augmentation masjid wala 100 kva 0401","2026-03-18","2026-03-29",NULL,NULL,NULL,NULL
"K K Construction Co","Bhopal","O&M Circle Harda","O&M Division Harda South","Timarni D/C","Bhopal","241801","CABLE AUGUMENTATION 4544410013 BUS STAND 1","2026-03-18","2026-03-20",NULL,NULL,NULL,NULL
"K K Construction Co","Bhopal","O&M Circle Harda","O&M Division Harda South","Timarni D/C","Bhopal","241837","CABLE AUGUMENTATION 4544410202 TAHASIL WALA","2026-03-18","2026-03-20",NULL,NULL,NULL,NULL
"K K Construction Co","Bhopal","O&M Circle Harda","O&M Division Harda North","Harda South D/C","Bhopal","265812","LT augmentation work balagaon","2026-03-18","2026-04-06",NULL,NULL,NULL,NULL
"K K Construction Co","Bhopal","O&M Circle Harda","O&M Division Harda North","Khirkiya D/C","Bhopal","257387","Conversion of LT Line : LT cable aug. 35-95sqmm on 63kva school wala","2026-03-18","2026-03-29",NULL,NULL,NULL,NULL
"K K Construction Co","Bhopal","O&M Circle Harda","O&M Division Harda South","Timarni D/C","Bhopal","241840","CABLE AUGUMENTATION 4544410204 IDGHAH WALA","2026-03-19","2026-03-20",NULL,NULL,NULL,NULL
"K K Construction Co","Bhopal","O&M Circle Harda","O&M Division Harda North","Khirkiya D/C","Bhopal","266985","Conversion of LT Line : LT Cable Augmentation Bharat pipaliya 4 No DTR","2026-03-18","2026-03-28",NULL,NULL,NULL,NULL
"K K Construction Co","Bhopal","O&M Circle Harda","O&M Division Harda North","Khirkiya D/C","Bhopal","266887","Conversion of LT Line : LT Cable Augmentation Kakadkachh 2 No DTR","2026-03-18","2026-03-28",NULL,NULL,NULL,NULL
"K K Construction Co","Bhopal","O&M Circle Harda","O&M Division Harda North","Harda South D/C","Bhopal","254098","LT cable augmentation work ranai Kala","2026-03-18","2026-04-06",NULL,NULL,NULL,NULL
"K K Construction Co","Bhopal","O&M Circle Harda","O&M Division Harda North","Khirkiya D/C","Bhopal","260165","LT Cable Augmentation School wala 63 kva 0367","2025-09-06","2025-09-07","2025-11-10","2025-09-25","2025-11-13","2025-11-13"
"K K Construction Co","Bhopal","O&M Circle Harda","O&M Division Harda North","Khirkiya D/C","Bhopal","260174","LT Cable Augmentation Tanada kheda wala 0365","2025-05-17","2025-05-18","2025-12-08","2025-06-06","2025-12-10","2025-12-10"
"K K Construction Co","Bhopal","O&M Circle Harda","O&M Division Harda North","Harda South D/C","Bhopal","264563","LT augmentation work Kukrawat swagat gate","2026-03-18",NULL,NULL,NULL,NULL,NULL
"K K Construction Co","Bhopal","O&M Circle Harda","O&M Division Harda North","Harda South D/C","Bhopal","264175","LT augmentation work uda","2026-03-18","2026-04-06",NULL,NULL,NULL,NULL
"K K Construction Co","Bhopal","O&M Circle Harda","O&M Division Harda North","Khirkiya D/C","Bhopal","267498","Conversion of LT Line : LT Cable Augmentation Saktya 1 No DTR","2025-05-17","2025-05-18","2025-12-08","2025-06-06","2025-12-10","2025-12-10"
"K K Construction Co","Bhopal","O&M Circle Harda","O&M Division Harda South","Timarni D/C","Bhopal","242376","cable augumentation 86 bus stand undrakach","2026-03-19","2026-03-20",NULL,NULL,NULL,NULL
"K K Construction Co","Bhopal","O&M Circle Harda","O&M Division Harda North","Harda South D/C","Bhopal","255135","LT line augmentation Nadi ke pass rupiparetiya","2026-03-18","2026-04-06",NULL,NULL,NULL,NULL
"K K Construction Co","Bhopal","O&M Circle Harda","O&M Division Harda North","Harda South D/C","Bhopal","254881","LT line augmentation anurag tiwari ke ranhaikala","2026-03-18","2026-04-06",NULL,NULL,NULL,NULL
"K K Construction Co","Bhopal","O&M Circle Harda","O&M Division Harda North","Harda South D/C","Bhopal","254875","LT line augmentation naka mohalla ranhaikala","2026-03-18","2026-04-06",NULL,NULL,NULL,NULL
"K K Construction Co","Bhopal","O&M Circle Harda","O&M Division Harda South","Timarni D/C","Bhopal","243014","Cable augmentation gaon wala undrakach","2026-03-18","2026-03-20",NULL,NULL,NULL,NULL
"K K Construction Co","Bhopal","O&M Circle Harda","O&M Division Harda North","Khirkiya D/C","Bhopal","266986","Conversion of LT Line : LT Cable Augmentation Pahatkala 6 No DTR","2026-03-18","2026-03-28",NULL,NULL,NULL,NULL
"K K Construction Co","Bhopal","O&M Circle Harda","O&M Division Harda South","Kartana D/C","Bhopal","252956","lt survey mandir wali","2026-03-19","2026-03-25",NULL,NULL,NULL,NULL
"K K Construction Co","Bhopal","O&M Circle Harda","O&M Division Harda South","Timarni D/C","Bhopal","241849","CABLE AUGUMENTATION 4544410205 SABJI MANDI","2026-03-18","2026-03-20",NULL,NULL,NULL,NULL
"K K Construction Co","Bhopal","O&M Circle Harda","O&M Division Harda South","Timarni D/C","Bhopal","241893","CABLE AUGUMENTATION 274 BADRI DHOLPUR","2026-03-18","2026-03-20",NULL,NULL,NULL,NULL
"K K Construction Co","Bhopal","O&M Circle Harda","O&M Division Harda South","Timarni D/C","Bhopal","241804","CABLE AUGUMENTATION 4544410014 BUS STAND 2","2026-03-18","2026-03-20",NULL,NULL,NULL,NULL
"K K Construction Co","Bhopal","O&M Circle Harda","O&M Division Harda South","Timarni D/C","Bhopal","243659","CABLE AUGUMENTATION JANPAD KE SAMNE","2026-03-19","2026-03-20",NULL,NULL,NULL,NULL
"K K Construction Co","Bhopal","O&M Circle Harda","O&M Division Harda South","Timarni D/C","Bhopal","241828","CABLE AUGUMENTATION 4544410208 NAGAR PALIKA SCHOOL","2026-03-18","2026-03-20",NULL,NULL,NULL,NULL
"K K Construction Co","Bhopal","O&M Circle Harda","O&M Division Harda South","Timarni D/C","Bhopal","242380","cable augumentation 378 dhurv wala bhadugaon","2026-03-18","2026-03-20",NULL,NULL,NULL,NULL
"K K Construction Co","Bhopal","O&M Circle Harda","O&M Division Harda South","Timarni D/C","Bhopal","241827","CABLE AUGUMENTATION 4544410009 SHANKAR MANDIR","2026-03-18","2026-03-20",NULL,NULL,NULL,NULL
"K K Construction Co","Bhopal","O&M Circle Harda","O&M Division Harda South","Timarni D/C","Bhopal","241862","CABLE AUGUMENTATION 4544410374 PATEL COLONY","2025-07-15","2025-07-16","2025-11-04","2025-09-24","2025-11-06","2025-11-06"
"K K Construction Co","Bhopal","O&M Circle Harda","O&M Division Harda North","Harda North D/C","Bhopal","254231","RELWA LT AUG TIRAHE WALA","2026-03-18","2026-04-25",NULL,NULL,NULL,NULL
"K K Construction Co","Bhopal","O&M Circle Harda","O&M Division Harda North","Harda South D/C","Bhopal","265797","LT augmentation work colony main harda road balag","2026-03-18","2026-04-06",NULL,NULL,NULL,NULL
"K K Construction Co","Bhopal","O&M Circle Harda","O&M Division Harda South","Timarni D/C","Bhopal","243926","cable augumentation amrtikunj colony 2","2026-03-18","2026-03-20",NULL,NULL,NULL,NULL
"K K Construction Co","Bhopal","O&M Circle Harda","O&M Division Harda South","Timarni D/C","Bhopal","246174","CABLE AUGUMENTATION GOLU CHAKKI SOHAGPUR","2026-03-18","2026-03-20",NULL,NULL,NULL,NULL
"K K Construction Co","Bhopal","O&M Circle Harda","O&M Division Harda South","Timarni D/C","Bhopal","241817","CABLE AUGUMENTATION 4544410206 AMRITKUNJ COLONY","2026-03-18","2026-03-20",NULL,NULL,NULL,NULL
"K K Construction Co","Bhopal","O&M Circle Harda","O&M Division Harda North","Harda North D/C","Bhopal","255104","AJNAS RAIYAT LT CABLE AUG RELWA ROAD WALA DTR","2026-03-18","2026-04-24",NULL,NULL,NULL,NULL
"K K Construction Co","Bhopal","O&M Circle Harda","O&M Division Harda North","Harda North D/C","Bhopal","267734","Conversion of LT Line : BHONKHEDI LT AUG STAND WALA DTR","2026-03-18","2026-04-24",NULL,NULL,NULL,NULL
"K K Construction Co","Bhopal","O&M Circle Harda","O&M Division Harda North","Harda North D/C","Bhopal","269555","Conversion of LT Line : GHODAKUND LT CABLE AUG LATHI KE GHAR KE PASS","2026-03-18","2026-04-24",NULL,NULL,NULL,NULL
"K K Construction Co","Bhopal","O&M Circle Harda","O&M Division Harda North","Harda South D/C","Bhopal","262735","LT line augmentation mandir pass neelgad","2026-03-18","2026-04-06",NULL,NULL,NULL,NULL
"K K Construction Co","Bhopal","O&M Circle Harda","O&M Division Harda South","Timarni D/C","Bhopal","246176","CABLE AUGUMENTATION SCHOOL WALA SOHAGPUR","2026-03-18","2026-03-19",NULL,NULL,NULL,NULL
"K K Construction Co","Bhopal","O&M Circle Harda","O&M Division Harda South","Timarni D/C","Bhopal","246178","CABLE AUGUMENTATION DEVLALA WALA MANIYA KHEDI","2026-03-18","2026-03-19",NULL,NULL,NULL,NULL
"K K Construction Co","Bhopal","O&M Circle Harda","O&M Division Harda North","Harda North D/C","Bhopal","268254","Conversion of LT Line : BHONKHEDI LT CABLE AUG GAON WALA DTR","2026-03-18","2026-04-24",NULL,NULL,NULL,NULL
"K K Construction Co","Bhopal","O&M Circle Harda","O&M Division Harda South","Timarni D/C","Bhopal","247729","Cable augmentation bageche wala lahadpur","2026-03-18","2026-03-19",NULL,NULL,NULL,NULL
"K K Construction Co","Bhopal","O&M Circle Harda","O&M Division Harda South","Timarni D/C","Bhopal","241871","CABLE AUGUMENTATION 4544410271 GOYA SAMRDHA","2026-03-18","2026-03-20",NULL,NULL,NULL,NULL
"K K Construction Co","Bhopal","O&M Circle Harda","O&M Division Harda South","Timarni D/C","Bhopal","246598","Cable augmentation samradha choki","2026-03-18","2026-03-19",NULL,NULL,NULL,NULL
"K K Construction Co","Bhopal","O&M Circle Harda","O&M Division Harda North","Harda North D/C","Bhopal","263167","JIJGAONKALA LT CABLE AUG GAON WALA DTR","2026-03-18","2026-04-24",NULL,NULL,NULL,NULL
"K K Construction Co","Bhopal","O&M Circle Harda","O&M Division Harda North","Harda North D/C","Bhopal","265414","MANJHLI LT CABLE AUG MANDIR WALA DTR","2026-03-18","2026-04-24",NULL,NULL,NULL,NULL
"K K Construction Co","Bhopal","O&M Circle Harda","O&M Division Harda North","Harda North D/C","Bhopal","241535","RELWA LT AUG CABLE GAON WALA DTR","2026-03-18","2026-04-25",NULL,NULL,NULL,NULL
"K K Construction Co","Bhopal","O&M Circle Harda","O&M Division Harda South","Timarni D/C","Bhopal","246179","CABLE AUGUMENTATION NAVNEET WALA MANIYA KHEDI","2026-03-18","2026-03-19",NULL,NULL,NULL,NULL
"K K Construction Co","Bhopal","O&M Circle Harda","O&M Division Harda North","Harda North D/C","Bhopal","266944","Conversion of LT Line : ABGAONKHURD LT CABLE AUG BADI WALA DTR","2026-03-18","2026-04-24",NULL,NULL,NULL,NULL
"K K Construction Co","Bhopal","O&M Circle Harda","O&M Division Harda South","Timarni D/C","Bhopal","248858","CABLE AUGUMENTAION BELDAR MOHALLA CHHIDGAON","2026-03-19","2026-03-20",NULL,NULL,NULL,NULL
"K K Construction Co","Bhopal","O&M Circle Harda","O&M Division Harda North","Harda North D/C","Bhopal","262646","DAGAWANEEMA LT CABLE AUG AMRAI WALA DTR","2026-03-18","2026-04-24",NULL,NULL,NULL,NULL
"K K Construction Co","Bhopal","O&M Circle Harda","O&M Division Harda North","Harda North D/C","Bhopal","262639","DAGAWANEEMA LT CABLE AUG GAON WALA DTR","2026-03-18","2026-04-24",NULL,NULL,NULL,NULL
"K K Construction Co","Bhopal","O&M Circle Harda","O&M Division Harda South","Timarni D/C","Bhopal","248882","CABLE AUGUMENTATION NAHAR PIPLYA MAFI","2026-03-18","2026-03-19",NULL,NULL,NULL,NULL
"K K Construction Co","Bhopal","O&M Circle Harda","O&M Division Harda South","Timarni D/C","Bhopal","249244","Cable augmentation Joshi colony","2026-03-19","2026-03-20",NULL,NULL,NULL,NULL
"K K Construction Co","Bhopal","O&M Circle Harda","O&M Division Harda North","Harda North D/C","Bhopal","267598","Conversion of LT Line : ABGAONKHURD LT CABLE AUG WATER TANK WALA DTR","2026-03-18","2026-04-24",NULL,NULL,NULL,NULL
"K K Construction Co","Bhopal","O&M Circle Harda","O&M Division Harda South","Timarni D/C","Bhopal","262793","cable agumentation jugal wala pokharni","2025-07-15","2025-07-16","2025-11-03","2025-09-24","2025-11-04","2025-11-04"
"K K Construction Co","Bhopal","O&M Circle Harda","O&M Division Harda South","Timarni D/C","Bhopal","248876","CABLE AUGUMENTATION OMP[RAKAS WALA PIPLYA MAFI","2026-03-19","2026-03-20",NULL,NULL,NULL,NULL
"K K Construction Co","Bhopal","O&M Circle Harda","O&M Division Harda South","Timarni D/C","Bhopal","262791","cable agumentation bhim wala 2 wala pokharni","2026-03-18","2026-03-19",NULL,NULL,NULL,NULL
"K K Construction Co","Bhopal","O&M Circle Harda","O&M Division Harda South","Timarni D/C","Bhopal","262789","cable agumentation bhim wala pokharni","2026-03-18","2026-03-19",NULL,NULL,NULL,NULL
"K K Construction Co","Bhopal","O&M Circle Harda","O&M Division Harda North","Harda North D/C","Bhopal","264142","BAGROOL LT CABLE AUG MANOHAR SINGH WALA DTR","2026-03-18","2026-04-24",NULL,NULL,NULL,NULL
"K K Construction Co","Bhopal","O&M Circle Harda","O&M Division Harda North","Harda North D/C","Bhopal","264140","BAGROOL LT CABLE AUG HOLI TEK WALA DTR","2026-03-18","2026-04-24",NULL,NULL,NULL,NULL
"K K Construction Co","Bhopal","O&M Circle Harda","O&M Division Harda North","Harda North D/C","Bhopal","264076","KOLIPURA LT AUG MALU WALA DTR","2026-03-18","2026-04-24",NULL,NULL,NULL,NULL
"K K Construction Co","Bhopal","O&M Circle Harda","O&M Division Harda North","Harda North D/C","Bhopal","264112","KUSIYA LT CABLE AUG SCHOOL WALA DTR","2026-03-18","2026-04-24",NULL,NULL,NULL,NULL
"K K Construction Co","Bhopal","O&M Circle Harda","O&M Division Harda North","Harda North D/C","Bhopal","248978","BHADUGAON LT AUG MOHAN PATEL WALA DTR","2026-03-18","2026-04-25",NULL,NULL,NULL,NULL
"K K Construction Co","Bhopal","O&M Circle Harda","O&M Division Harda North","Harda North D/C","Bhopal","267295","Conversion of LT Line : CHOTI HARDA LT CABLE AUG GAON WALA 63 KVA DTR","2026-03-18","2026-04-24",NULL,NULL,NULL,NULL
"K K Construction Co","Bhopal","O&M Circle Harda","O&M Division Harda North","Harda North D/C","Bhopal","264057","KOLIPURA LT AUG GOURISHANKAR WALA","2026-03-18","2026-04-24",NULL,NULL,NULL,NULL
"K K Construction Co","Bhopal","O&M Circle Harda","O&M Division Harda North","Harda North D/C","Bhopal","255041","HANDIYA LT CABLE AUG RIDHESWAR MANDIR WALA DTR","2026-03-18","2026-04-24",NULL,NULL,NULL,NULL
"K K Construction Co","Bhopal","O&M Circle Harda","O&M Division Harda North","Harda North D/C","Bhopal","254790","HANDIYA LT CABLE AUG SABJI MANDI WALA DTR","2026-03-18","2026-04-24",NULL,NULL,NULL,NULL
"K K Construction Co","Bhopal","O&M Circle Harda","O&M Division Harda North","Harda North D/C","Bhopal","255045","HANDIYA LT CABLE AUG NEAR SUBSTATION WALA DTR","2026-03-18","2026-04-24",NULL,NULL,NULL,NULL
"K K Construction Co","Bhopal","O&M Circle Harda","O&M Division Harda North","Harda North D/C","Bhopal","267157","Conversion of LT Line : CHOTI HARDA LT CABLE AUG CHOUK WALA DTR","2026-03-18","2026-04-24",NULL,NULL,NULL,NULL
"K K Construction Co","Bhopal","O&M Circle Harda","O&M Division Harda North","Harda North D/C","Bhopal","256167","HANDIYA LT CABLE AUG BUS STAND WALA DTR","2026-03-18","2026-04-24",NULL,NULL,NULL,NULL
"K K Construction Co","Bhopal","O&M Circle Harda","O&M Division Harda North","Harda North D/C","Bhopal","254774","HANDIYA LT CABLE AUG AAM WALA DTR","2026-03-18","2026-04-24",NULL,NULL,NULL,NULL
"K K Construction Co","Bhopal","O&M Circle Harda","O&M Division Harda North","Harda North D/C","Bhopal","256182","HANDIYA LT CABLE AUG MANGROOL STAND WALA DTR","2026-03-18","2026-04-24",NULL,NULL,NULL,NULL
"K K Construction Co","Bhopal","O&M Circle Harda","O&M Division Harda North","Harda North D/C","Bhopal","266197","Conversion of LT Line : BHIMPURA LT CABLE AUG GAON WALA DTR","2026-03-19","2026-04-24",NULL,NULL,NULL,NULL
"K K Construction Co","Bhopal","O&M Circle Harda","O&M Division Harda South","Kartana D/C","Bhopal","241924","Lt cable work bus stand kartana 100 kva","2026-03-18","2026-03-28",NULL,NULL,NULL,NULL
"K K Construction Co","Bhopal","O&M Circle Harda","O&M Division Harda South","Kartana D/C","Bhopal","242339","Bhagwat wala 25kva str kartana","2026-03-18","2026-03-25",NULL,NULL,NULL,NULL
"K K Construction Co","Bhopal","O&M Circle Harda","O&M Division Harda South","Kartana D/C","Bhopal","262978","lt augu ramadhar wala nayagaon","2025-05-17","2025-05-17","2025-12-08","2025-11-05","2025-12-10","2025-12-10"
"K K Construction Co","Bhopal","O&M Circle Harda","O&M Division Harda South","Kartana D/C","Bhopal","261952","LT SURVEY gambhir wala gadadi","2025-05-17","2025-05-17","2025-12-08","2025-11-05","2025-12-10","2025-12-10"
"K K Construction Co","Bhopal","O&M Circle Harda","O&M Division Harda South","Sirali Distribution Center","Bhopal","252208","Bare low cable to high cable dhankar 63 kva","2026-03-19","2026-03-21",NULL,NULL,NULL,NULL
"K K Construction Co","Bhopal","O&M Circle Harda","O&M Division Harda South","Sirali Distribution Center","Bhopal","252355","Bare low cable to high cable 63 kva gaon wala deep","2026-03-19","2026-03-21",NULL,NULL,NULL,NULL
"K K Construction Co","Bhopal","O&M Circle Harda","O&M Division Harda South","Kartana D/C","Bhopal","242318","Lt cable aug timarni road 25kva bhagwat","2026-03-18","2026-03-28",NULL,NULL,NULL,NULL
"K K Construction Co","Bhopal","O&M Circle Harda","O&M Division Harda South","Kartana D/C","Bhopal","243019","lt cable aug work ramdev baba wala 25kva kartana","2026-03-18","2026-03-25",NULL,NULL,NULL,NULL
"K K Construction Co","Bhopal","O&M Circle Harda","O&M Division Harda South","Kartana D/C","Bhopal","242316","Lt cable Aug gopal wali 25 kva","2026-03-18","2026-03-28",NULL,NULL,NULL,NULL
"K K Construction Co","Bhopal","O&M Circle Harda","O&M Division Harda South","Kartana D/C","Bhopal","243262","Bhujram wala dtr cable Aug work kartana","2026-03-18","2026-03-25",NULL,NULL,NULL,NULL
"K K Construction Co","Bhopal","O&M Circle Harda","O&M Division Harda South","Kartana D/C","Bhopal","261917","LT CABLE WORK SUHAG KATHDI","2026-03-18","2026-03-25",NULL,NULL,NULL,NULL
"K K Construction Co","Bhopal","O&M Circle Harda","O&M Division Harda South","Kartana D/C","Bhopal","261925","lt survey raju wala kathdi","2026-03-18","2026-03-25",NULL,NULL,NULL,NULL
"K K Construction Co","Bhopal","O&M Circle Harda","O&M Division Harda South","Sirali Distribution Center","Bhopal","253946","Survay for New LT line 63 kva stop dam wala","2026-03-18","2026-03-21",NULL,NULL,NULL,NULL
"K K Construction Co","Bhopal","O&M Circle Harda","O&M Division Harda South","Sirali Distribution Center","Bhopal","254014","Low cable to high cable 63kva gaon wala rehtakalan","2026-03-18","2026-03-21",NULL,NULL,NULL,NULL
"K K Construction Co","Bhopal","O&M Circle Harda","O&M Division Harda South","Kartana D/C","Bhopal","243408","additional 63 kva dholpur village","2026-03-19","2026-03-25",NULL,NULL,NULL,NULL
"K K Construction Co","Bhopal","O&M Circle Harda","O&M Division Harda South","Kartana D/C","Bhopal","262084","Champa lalu wala Lt Survey kathdi","2025-05-17","2025-05-17","2025-12-08","2025-11-05","2025-12-10","2025-12-10"
"K K Construction Co","Bhopal","O&M Circle Harda","O&M Division Harda South","Kartana D/C","Bhopal","261945","lt survey mukesh wala gadadi","2025-05-17","2025-05-17","2025-12-08","2025-11-05","2025-12-10","2025-12-10"
"K K Construction Co","Bhopal","O&M Circle Harda","O&M Division Harda South","Sirali Distribution Center","Bhopal","254525","cable aug. low to high cable 63 kva KANYA ASRAM WA","2025-05-18","2025-05-18","2025-12-08","2025-09-24","2025-12-10","2025-12-10"
"K K Construction Co","Bhopal","O&M Circle Harda","O&M Division Harda South","Timarni D/C","Bhopal","255022","3 no dtr lt survey bajania ,jagdish sunil santosh","2026-03-18","2026-03-19",NULL,NULL,NULL,NULL
"K K Construction Co","Bhopal","O&M Circle Harda","O&M Division Harda South","Sirali Distribution Center","Bhopal","254847","Cable aug.low to high 100kva gaon wala rampura","2026-03-19","2026-03-21",NULL,NULL,NULL,NULL
"K K Construction Co","Bhopal","O&M Circle Harda","O&M Division Harda South","Kartana D/C","Bhopal","243466","nousar purani pani ki tanki new cable work","2025-05-17","2025-05-17","2025-12-08","2025-11-05","2025-12-10","2025-12-10"
"K K Construction Co","Bhopal","O&M Circle Harda","O&M Division Harda South","Timarni D/C","Bhopal","261891","LT survey gadrapur hariom wala dtr","2026-03-18","2026-03-19",NULL,NULL,NULL,NULL
"K K Construction Co","Bhopal","O&M Circle Harda","O&M Division Harda South","Sirali Distribution Center","Bhopal","254978","Bare conductor to ab cable 100kva haldul baba wala","2026-03-18","2026-03-21",NULL,NULL,NULL,NULL
"K K Construction Co","Bhopal","O&M Circle Harda","O&M Division Harda South","Timarni D/C","Bhopal","254766","lt cable survey 100 kva village wala bichhapur","2026-03-18","2026-03-19",NULL,NULL,NULL,NULL
"K K Construction Co","Bhopal","O&M Circle Harda","O&M Division Harda South","Sirali Distribution Center","Bhopal","254531","cable aug. low to high cable 100 kva gaon wala ji","2026-03-19","2026-03-21",NULL,NULL,NULL,NULL
"K K Construction Co","Bhopal","O&M Circle Harda","O&M Division Harda South","Timarni D/C","Bhopal","262600","lt augu gadrapur last wala","2026-03-18","2026-03-19",NULL,NULL,NULL,NULL
"K K Construction Co","Bhopal","O&M Circle Harda","O&M Division Harda South","Timarni D/C","Bhopal","261897","lt survey dashrath wala shankar gad","2026-03-18","2026-03-19",NULL,NULL,NULL,NULL
"K K Construction Co","Bhopal","O&M Circle Harda","O&M Division Harda South","Timarni D/C","Bhopal","261893","manoj wali LT SURVEY GADRAPUR","2026-03-18","2026-03-19",NULL,NULL,NULL,NULL
"K K Construction Co","Bhopal","O&M Circle Harda","O&M Division Harda South","Sirali Distribution Center","Bhopal","255178","Survey for New LT line 100kva kamal rathi wala","2025-05-18","2025-05-18","2025-12-08","2025-09-24","2025-12-10","2025-12-10"
"K K Construction Co","Bhopal","O&M Circle Harda","O&M Division Harda South","Sirali Distribution Center","Bhopal","255558","Bare conductor to ab cable 25kva sitaram wala","2026-03-19","2026-03-21",NULL,NULL,NULL,NULL
"K K Construction Co","Bhopal","O&M Circle Harda","O&M Division Harda South","Kartana D/C","Bhopal","244299","LT CABLE SURVEY TANKI CHIPANER","2026-03-18","2026-03-25",NULL,NULL,NULL,NULL
"K K Construction Co","Bhopal","O&M Circle Harda","O&M Division Harda South","Sirali Distribution Center","Bhopal","255337","Cable aug.low to high 100kva dariagir baba wala","2026-03-19","2026-03-21",NULL,NULL,NULL,NULL
"K K Construction Co","Bhopal","O&M Circle Harda","O&M Division Harda North","Harda North D/C","Bhopal","264053","DEVTALAV LT CABLE AUT GAON WALA WALA DTR","2026-03-19","2026-04-24",NULL,NULL,NULL,NULL
"K K Construction Co","Bhopal","O&M Circle Harda","O&M Division Harda South","Timarni D/C","Bhopal","243528","LT cable work village raibor","2026-03-18","2026-03-20",NULL,NULL,NULL,NULL
"K K Construction Co","Bhopal","O&M Circle Harda","O&M Division Harda South","Timarni D/C","Bhopal","243649","new lt cable work village bhagwad","2025-07-15","2025-07-16","2025-11-06","2025-11-05","2025-11-06","2025-11-06"
"K K Construction Co","Bhopal","O&M Circle Harda","O&M Division Harda South","Sirali Distribution Center","Bhopal","255231","Bare conductor to ab cable 25kva hanuman mandir wa","2026-03-19","2026-03-21",NULL,NULL,NULL,NULL
"K K Construction Co","Bhopal","O&M Circle Harda","O&M Division Harda South","Kartana D/C","Bhopal","252907","LT CABLE SURVEY KUNWARSINGH BHAVRAS","2026-03-18","2026-03-25",NULL,NULL,NULL,NULL
"K K Construction Co","Bhopal","O&M Circle Harda","O&M Division Harda South","Kartana D/C","Bhopal","252915","LT CABLE SUVEY BANSHI WALI BHAVRAS VILLAGE","2026-03-18","2026-03-25",NULL,NULL,NULL,NULL
"K K Construction Co","Bhopal","O&M Circle Harda","O&M Division Harda South","Kartana D/C","Bhopal","254570","LT LINE SURVEY GOVIND WALI NEW LACHHORA","2026-03-18","2026-03-25",NULL,NULL,NULL,NULL
"K K Construction Co","Bhopal","O&M Circle Harda","O&M Division Harda South","Sirali Distribution Center","Bhopal","255298","Survey for New LT line 100kva guondipura wala","2026-03-19","2026-03-23",NULL,NULL,NULL,NULL
"K K Construction Co","Bhopal","O&M Circle Harda","O&M Division Harda North","Harda North D/C","Bhopal","264029","BAIDI LT CABLE AUG RELWA ROAD WALA DTR","2026-03-19","2026-04-24",NULL,NULL,NULL,NULL
"K K Construction Co","Bhopal","O&M Circle Harda","O&M Division Harda South","Rehatgaon D/C","Bhopal","63034","100 KVA JAGDISH WALA CABLE CONVERSION","2026-03-18","2026-03-25",NULL,NULL,NULL,NULL
"K K Construction Co","Bhopal","O&M Circle Harda","O&M Division Harda North","Harda North D/C","Bhopal","264011","BAIDI LT CABLE AUG HARIJAN BASTI WALA DTR","2026-03-19","2026-04-24",NULL,NULL,NULL,NULL
"K K Construction Co","Bhopal","O&M Circle Harda","O&M Division Harda South","Kartana D/C","Bhopal","254990","lt line survey govind wali shamshabad","2026-03-19","2026-03-25",NULL,NULL,NULL,NULL
"K K Construction Co","Bhopal","O&M Circle Harda","O&M Division Harda South","Sirali Distribution Center","Bhopal","257869","Survey for New LT line 25kva bandi gaon wala","2026-03-18","2026-03-21",NULL,NULL,NULL,NULL
"K K Construction Co","Bhopal","O&M Circle Harda","O&M Division Harda South","Sirali Distribution Center","Bhopal","262010","cable aug. low to high cable 25 KVA umari gaon wal","2026-03-18","2026-03-21",NULL,NULL,NULL,NULL
"K K Construction Co","Bhopal","O&M Circle Harda","O&M Division Harda South","Rehatgaon D/C","Bhopal","262638","200 KVA PALIWAL WALA CABLE CONVERSION..","2026-03-18","2026-03-21",NULL,NULL,NULL,NULL
"K K Construction Co","Bhopal","O&M Circle Harda","O&M Division Harda North","Harda North D/C","Bhopal","264013","BAIDI LT CABLE AUG DEVTALAV ROAD WALA DTR","2026-03-19","2026-04-24",NULL,NULL,NULL,NULL
"K K Construction Co","Bhopal","O&M Circle Harda","O&M Division Harda South","Sirali Distribution Center","Bhopal","255666","Survey for New LT line 25 kva amardas wala","2025-05-18","2025-05-18","2025-12-08","2025-09-24","2025-12-10","2025-12-10"
"K K Construction Co","Bhopal","O&M Circle Harda","O&M Division Harda South","Sirali Distribution Center","Bhopal","255936","Bare conductor to ab cable 63 kva amakhal school","2026-03-19","2026-03-21",NULL,NULL,NULL,NULL
"K K Construction Co","Bhopal","O&M Circle Harda","O&M Division Harda South","Kartana D/C","Bhopal","256507","Lt survey ganpat wali LACHORA","2026-03-18","2026-03-25",NULL,NULL,NULL,NULL
"K K Construction Co","Bhopal","O&M Circle Harda","O&M Division Harda South","Rehatgaon D/C","Bhopal","257907","25 KVA BARURGHAT TAPPAR BARE CONDUCTER TO CABLE","2025-05-18","2025-05-18","2026-03-10","2026-03-09","2026-03-15","2026-03-15"
"K K Construction Co","Bhopal","O&M Circle Harda","O&M Division Harda South","Rehatgaon D/C","Bhopal","257276","25 KVA NADI WALA INDRA COLONY CABLE AUG.","2026-03-18","2026-03-21",NULL,NULL,NULL,NULL
"K K Construction Co","Bhopal","O&M Circle Harda","O&M Division Harda South","Sirali Distribution Center","Bhopal","255866","Survey for New LT line 10kva mukesh wala","2026-03-19","2026-03-21",NULL,NULL,NULL,NULL
"K K Construction Co","Bhopal","O&M Circle Harda","O&M Division Harda South","Sirali Distribution Center","Bhopal","255671","Bare conductor to ab cable 25kva pipliya gaon wala","2026-03-19","2026-03-21",NULL,NULL,NULL,NULL
"K K Construction Co","Bhopal","O&M Circle Harda","O&M Division Harda South","Rehatgaon D/C","Bhopal","278698","Conversion of LT Line : 63 KVA GAON WALA CONDUCTER TO CABLE","2026-03-18","2026-03-21",NULL,NULL,NULL,NULL
"K K Construction Co","Bhopal","O&M Circle Harda","O&M Division Harda South","Sirali Distribution Center","Bhopal","256399","Bare conductor to ab cable 200 kva ganghi chowk wa","2026-03-18","2026-03-21",NULL,NULL,NULL,NULL
"K K Construction Co","Bhopal","O&M Circle Harda","O&M Division Harda South","Rehatgaon D/C","Bhopal","63215","63 KVA PANCHAYAT WALA 4544360011 CABLE CONVERSION","2026-03-18","2026-03-25",NULL,NULL,NULL,NULL
"K K Construction Co","Bhopal","O&M Circle Harda","O&M Division Harda South","Sirali Distribution Center","Bhopal","257670","Bare conductor to ab cable 63 kva gangor wala","2025-05-18","2025-05-18","2025-12-08","2025-09-24","2025-12-10","2025-12-10"
"K K Construction Co","Bhopal","O&M Circle Harda","O&M Division Harda South","Rehatgaon D/C","Bhopal","63219","25 KVA TATA TOWER WALA CABLE CONVERSION","2026-03-18","2026-03-25",NULL,NULL,NULL,NULL
"K K Construction Co","Bhopal","O&M Circle Harda","O&M Division Harda South","Rehatgaon D/C","Bhopal","262839","63 KVA KHEDI WALA CABLE CONVERSION","2026-03-18","2026-03-21",NULL,NULL,NULL,NULL
"K K Construction Co","Bhopal","O&M Circle Harda","O&M Division Harda North","Harda North D/C","Bhopal","266200","Conversion of LT Line : SAGODA LT CABLE AUG DARWAR WALA DTR","2026-03-18","2026-04-24",NULL,NULL,NULL,NULL
"K K Construction Co","Bhopal","O&M Circle Harda","O&M Division Harda South","Rehatgaon D/C","Bhopal","262892","Conversion of LT Line : 100 KVA GDAMOD GAON WALA CONDUCTER TO CABLE","2026-03-18","2026-03-21",NULL,NULL,NULL,NULL
"K K Construction Co","Bhopal","O&M Circle Harda","O&M Division Harda North","Harda North D/C","Bhopal","263865","DEKI LT CABLE AUG SCHOOL WALA DTR","2026-03-18","2026-04-24",NULL,NULL,NULL,NULL
"K K Construction Co","Bhopal","O&M Circle Harda","O&M Division Harda South","Rehatgaon D/C","Bhopal","257329","INDRA COLONY SOCITY SODALPUR CABLE AUG","2026-03-18","2026-03-21",NULL,NULL,NULL,NULL
"K K Construction Co","Bhopal","O&M Circle Harda","O&M Division Harda North","Harda North D/C","Bhopal","265982","Conversion of LT Line : RAMPURA LT CABLE AUG GAON WALA DTR","2026-03-19","2026-04-24",NULL,NULL,NULL,NULL
"K K Construction Co","Bhopal","O&M Circle Harda","O&M Division Harda North","Charuwa D/C","Bhopal","200621","ADDITIONAL DEEPGAON KALA","2025-05-16","2025-05-17",NULL,NULL,NULL,NULL
"K K Construction Co","Bhopal","O&M Circle Harda","O&M Division Harda South","Sirali Distribution Center","Bhopal","243645","Bare conductor replc. By AB cable 200 kva DTR gand","2026-03-18","2026-03-21",NULL,NULL,NULL,NULL
"K K Construction Co","Bhopal","O&M Circle Harda","O&M Division Harda South","Rehatgaon D/C","Bhopal","262857","25 KVA SCHOOL WALA DOLARIYA CABLE AUG","2025-05-18","2025-05-18","2026-03-10","2026-03-09","2026-03-15","2026-03-15"
"K K Construction Co","Bhopal","O&M Circle Harda","O&M Division Harda South","Rehatgaon D/C","Bhopal","266114","Conversion of LT Line : 16 KVA KAKAD IMLI WALA SODALPUR CABLE AUG","2026-03-18","2026-03-21",NULL,NULL,NULL,NULL
"K K Construction Co","Bhopal","O&M Circle Harda","O&M Division Harda North","Harda North D/C","Bhopal","256126","SALYAKHEDI LT CABLE GAON VAN BHIBHAG WALA FS","2026-03-18","2026-04-24",NULL,NULL,NULL,NULL
"K K Construction Co","Bhopal","O&M Circle Harda","O&M Division Harda South","Sirali Distribution Center","Bhopal","243469","Bare conductor replace by Ab cable 200 kva","2026-03-18","2026-03-21",NULL,NULL,NULL,NULL
"K K Construction Co","Bhopal","O&M Circle Harda","O&M Division Harda North","Khirkiya D/C","Bhopal","258167","NEW ADDI Harijan mohalla 63 kva","2026-03-20","2026-03-28",NULL,NULL,NULL,NULL
"K K Construction Co","Bhopal","O&M Circle Harda","O&M Division Harda South","Rehatgaon D/C","Bhopal","257063","63 KVA MANDIR WALA JHADPA CABLE AUG.","2026-03-18","2026-03-21",NULL,NULL,NULL,NULL
"K K Construction Co","Bhopal","O&M Circle Harda","O&M Division Harda North","Charuwa D/C","Bhopal","241487","Additional DTR Somgaon2","2025-05-17","2025-05-17",NULL,NULL,NULL,NULL
"K K Construction Co","Bhopal","O&M Circle Harda","O&M Division Harda North","Khirkiya D/C","Bhopal","246835","ADDI DTR VINOD NARAYAN WALA 63 KVA CHOUKDI","2025-09-06","2025-09-07","2025-11-10","2025-09-25","2025-11-13","2025-11-13"
"K K Construction Co","Bhopal","O&M Circle Harda","O&M Division Harda North","Khirkiya D/C","Bhopal","258117","NEW ADDI Goushala lodhiyakedi road 63 kav","2025-05-17","2025-05-17","2025-12-08","2025-06-06","2025-12-10","2025-12-10"
"K K Construction Co","Bhopal","O&M Circle Harda","O&M Division Harda North","Charuwa D/C","Bhopal","241497","Additional DTR ANJRUOODRYT2","2026-03-21",NULL,NULL,NULL,NULL,NULL
"K K Construction Co","Bhopal","O&M Circle Harda","O&M Division Harda North","Harda North D/C","Bhopal","262914","DUMLAY LT CABLE AUG SCHOOL WALA DTR","2026-03-18","2026-04-24",NULL,NULL,NULL,NULL
"K K Construction Co","Bhopal","O&M Circle Harda","O&M Division Harda North","Khirkiya D/C","Bhopal","246832","ADDI DTR MULLU WALA 63 KVA CHOUKDI","2026-03-20",NULL,NULL,NULL,NULL,NULL
"K K Construction Co","Bhopal","O&M Circle Harda","O&M Division Harda North","Charuwa D/C","Bhopal","241495","Additional DTR NAHALI 2","2026-03-21",NULL,NULL,NULL,NULL,NULL
"K K Construction Co","Bhopal","O&M Circle Harda","O&M Division Harda North","Harda North D/C","Bhopal","264079","ATARSAMA LT CABLE STAND WALA DTR","2026-03-19","2026-04-24",NULL,NULL,NULL,NULL
"K K Construction Co","Bhopal","O&M Circle Harda","O&M Division Harda North","Khirkiya D/C","Bhopal","258109","New ADDI Garvadi road lodhiyakhedi 63 kva","2025-05-17","2025-05-17","2025-12-08","2025-06-06","2025-12-10","2025-12-10"
"K K Construction Co","Bhopal","O&M Circle Harda","O&M Division Harda North","Charuwa D/C","Bhopal","203874","add. bichpuri cir.","2025-05-16","2025-05-17",NULL,NULL,NULL,NULL
"K K Construction Co","Bhopal","O&M Circle Harda","O&M Division Harda North","Harda North D/C","Bhopal","265870","Conversion of LT Line : BHUNNAS LT CABLE AUG MANDIR WALA DTR","2026-03-18","2026-04-24",NULL,NULL,NULL,NULL
"K K Construction Co","Bhopal","O&M Circle Harda","O&M Division Harda North","Harda North D/C","Bhopal","263041","CHOUKI LT CABLE AUG MISTRI WALA","2026-03-18","2026-04-24",NULL,NULL,NULL,NULL
"K K Construction Co","Bhopal","O&M Circle Harda","O&M Division Harda North","Charuwa D/C","Bhopal","220440","Additional Dawiya","2026-03-20",NULL,NULL,NULL,NULL,NULL
"K K Construction Co","Bhopal","O&M Circle Harda","O&M Division Harda North","Harda North D/C","Bhopal","265931","Conversion of LT Line : BHUNNAS LT CABLE AUG VIJAY GOUR WALA DTR","2026-03-18","2026-04-24",NULL,NULL,NULL,NULL
"K K Construction Co","Bhopal","O&M Circle Harda","O&M Division Harda North","Charuwa D/C","Bhopal","220424","Additional Bhawarpani","2026-03-20",NULL,NULL,NULL,NULL,NULL
"K K Construction Co","Bhopal","O&M Circle Harda","O&M Division Harda North","Charuwa D/C","Bhopal","219525","Additional Bhimpura","2026-03-20","2026-04-25",NULL,NULL,NULL,NULL
"K K Construction Co","Bhopal","O&M Circle Harda","O&M Division Harda North","Khirkiya D/C","Bhopal","64819","guthan wala dholgaon dtr 63","2026-03-19","2026-03-29",NULL,NULL,NULL,NULL
"K K Construction Co","Bhopal","O&M Circle Harda","O&M Division Harda North","Charuwa D/C","Bhopal","202465","ADDI. KUKDAPANI PRADHAN WALA","2026-03-21","2026-04-25",NULL,NULL,NULL,NULL
"K K Construction Co","Bhopal","O&M Circle Harda","O&M Division Harda North","Charuwa D/C","Bhopal","219539","Additional genadhana","2026-03-20","2026-04-25",NULL,NULL,NULL,NULL
"K K Construction Co","Bhopal","O&M Circle Harda","O&M Division Harda North","Harda North D/C","Bhopal","266034","Conversion of LT Line : AALANPUR LT CABLE AUG NANDRA ROAD WALA DTR","2026-03-18","2026-04-24",NULL,NULL,NULL,NULL
"K K Construction Co","Bhopal","O&M Circle Harda","O&M Division Harda North","Harda North D/C","Bhopal","265876","Conversion of LT Line : BHUNNAS LT CABLE AUG KHAN CHAKKI WALA DTR","2026-03-18","2026-04-24",NULL,NULL,NULL,NULL
"K K Construction Co","Bhopal","O&M Circle Harda","O&M Division Harda North","Charuwa D/C","Bhopal","220396","Additional khari","2026-03-21",NULL,NULL,NULL,NULL,NULL
"K K Construction Co","Bhopal","O&M Circle Harda","O&M Division Harda North","Harda North D/C","Bhopal","265996","Conversion of LT Line : AALANPUR LT CABLE AUG GAON WALA DTR","2026-03-18","2026-04-24",NULL,NULL,NULL,NULL
"K K Construction Co","Bhopal","O&M Circle Harda","O&M Division Harda North","Harda North D/C","Bhopal","265994","Conversion of LT Line : AALANPUR LT CABLE AUG SCHOOL WALA DTR","2026-03-18","2026-04-24",NULL,NULL,NULL,NULL
"K K Construction Co","Bhopal","O&M Circle Harda","O&M Division Harda North","Charuwa D/C","Bhopal","220022","Additional kalakahh","2026-03-20","2026-04-25",NULL,NULL,NULL,NULL
"K K Construction Co","Bhopal","O&M Circle Harda","O&M Division Harda North","Khirkiya D/C","Bhopal","239889","NEW ADDI MALI MOHALLA DHOLGAONKHURD 100 KVA","2025-05-17","2025-05-17","2025-12-08","2025-06-06","2025-12-10","2025-12-10"
"K K Construction Co","Bhopal","O&M Circle Harda","O&M Division Harda North","Charuwa D/C","Bhopal","219296","Additional sawalkheda","2026-03-21",NULL,NULL,NULL,NULL,NULL
"K K Construction Co","Bhopal","O&M Circle Harda","O&M Division Harda North","Khirkiya D/C","Bhopal","267808","NEW ADDI MUKESH CHAKKI 63 KVA SARANGPUR","2025-05-17","2025-05-18","2025-12-08","2025-06-06","2025-12-10","2025-12-10"
"K K Construction Co","Bhopal","O&M Circle Harda","O&M Division Harda North","Charuwa D/C","Bhopal","202293","ADDITIONAL RAMESH DODJI WALA","2026-03-21","2026-04-25",NULL,NULL,NULL,NULL
"K K Construction Co","Bhopal","O&M Circle Harda","O&M Division Harda North","Charuwa D/C","Bhopal","219449","Additional Lafangdhana","2026-03-21",NULL,NULL,NULL,NULL,NULL
"K K Construction Co","Bhopal","O&M Circle Harda","O&M Division Harda North","Charuwa D/C","Bhopal","219531","Additional sundarpani","2026-03-21","2026-04-25",NULL,NULL,NULL,NULL
"K K Construction Co","Bhopal","O&M Circle Harda","O&M Division Harda North","Charuwa D/C","Bhopal","241481","Additional DTR Sawalkheda 2","2026-03-21",NULL,NULL,NULL,NULL,NULL
"K K Construction Co","Bhopal","O&M Circle Harda","O&M Division Harda North","Harda North D/C","Bhopal","212440","malpon addistional dtr sonu wala","2026-03-21","2026-04-25",NULL,NULL,NULL,NULL
"K K Construction Co","Bhopal","O&M Circle Harda","O&M Division Harda North","Charuwa D/C","Bhopal","250155","Additional DTR SANGWA MAL","2026-03-21",NULL,NULL,NULL,NULL,NULL
"K K Construction Co","Bhopal","O&M Circle Harda","O&M Division Harda South","Kartana D/C","Bhopal","227159","Kartan school ke pas additional dtr 63 kv","2025-05-17","2025-05-17","2025-12-08","2025-11-05","2025-12-10","2025-12-10"
"K K Construction Co","Bhopal","O&M Circle Harda","O&M Division Harda North","Charuwa D/C","Bhopal","202758","ADD.PUNAM PATEL SANGWA","2026-03-21","2026-04-25",NULL,NULL,NULL,NULL
"K K Construction Co","Bhopal","O&M Circle Harda","O&M Division Harda South","Kartana D/C","Bhopal","227161","Additanol dtr 63 kv ramdev baba mandir ke pas","2025-05-17","2025-05-17",NULL,NULL,NULL,NULL
"K K Construction Co","Bhopal","O&M Circle Harda","O&M Division Harda North","Charuwa D/C","Bhopal","210904","ADDITIONAL KHARI WALA","2026-03-21","2026-04-25",NULL,NULL,NULL,NULL
"K K Construction Co","Bhopal","O&M Circle Harda","O&M Division Harda South","Kartana D/C","Bhopal","227306","Additional 63 kva dtr nousar me talab ke pas","2025-05-17","2025-05-17","2025-12-08","2025-11-05","2025-12-10","2025-12-10"
"K K Construction Co","Bhopal","O&M Circle Harda","O&M Division Harda North","Charuwa D/C","Bhopal","220432","Additional Ghodapat","2026-03-21",NULL,NULL,NULL,NULL,NULL
"K K Construction Co","Bhopal","O&M Circle Harda","O&M Division Harda South","Kartana D/C","Bhopal","231693","additional 63 kva dtr at school wale se","2025-05-17","2025-05-17","2025-12-08","2025-11-05","2025-12-10","2025-12-10"
"K K Construction Co","Bhopal","O&M Circle Harda","O&M Division Harda North","Charuwa D/C","Bhopal","203921","ADD. DAWIYA NADI WALA","2026-03-21","2026-04-25",NULL,NULL,NULL,NULL
"K K Construction Co","Bhopal","O&M Circle Harda","O&M Division Harda South","Kartana D/C","Bhopal","231682","additional 63 kva tajpura jio tower se","2025-05-17","2025-05-17","2025-12-08","2025-11-05","2025-12-10","2025-12-10"
"K K Construction Co","Bhopal","O&M Circle Harda","O&M Division Harda North","Harda South D/C","Bhopal","269470","Additional dtr at uda pump","2026-03-21","2026-04-06",NULL,NULL,NULL,NULL
"K K Construction Co","Bhopal","O&M Circle Harda","O&M Division Harda South","Kartana D/C","Bhopal","233008","Addition dtr 63 kva chipaner","2025-05-17","2025-05-17","2025-12-08","2025-11-05","2025-12-10","2025-12-10"
"K K Construction Co","Bhopal","O&M Circle Harda","O&M Division Harda South","Rehatgaon D/C","Bhopal","63677","100 KVA JAGDISH WALA RAHATGAON ADDITIONAL","2025-05-18","2025-05-18","2026-03-10","2026-03-09","2026-03-15","2026-03-15"
"K K Construction Co","Bhopal","O&M Circle Harda","O&M Division Harda South","Rehatgaon D/C","Bhopal","243741","100 KVA CHHOTU BAJPEYI ADDITIONAL","2026-03-19","2026-03-25",NULL,NULL,NULL,NULL
"K K Construction Co","Bhopal","O&M Circle Harda","O&M Division Harda South","Rehatgaon D/C","Bhopal","243749","100 KVA CHOUHAN WALA UMARDHA ADD.","2025-09-06","2025-09-07",NULL,"2026-03-12",NULL,NULL
"K K Construction Co","Bhopal","O&M Circle Harda","O&M Division Harda South","Rehatgaon D/C","Bhopal","243736","100 KVA SHANKAR DADA WALA ADDITIONAL","2026-03-19","2026-03-25",NULL,NULL,NULL,NULL
"K K Construction Co","Bhopal","O&M Circle Harda","O&M Division Harda North","Masangaon D/C","Bhopal","64887","ADDI DTR WITH NEW 11 KV LINE LT DHANWADA BAMANGAON","2026-03-19","2026-03-28",NULL,NULL,NULL,NULL
"K K Construction Co","Bhopal","O&M Circle Harda","O&M Division Harda North","Harda South D/C","Bhopal","267508","Additional dtr at shamsan ghat kukrawad","2026-03-21","2026-04-06",NULL,NULL,NULL,NULL
"K K Construction Co","Bhopal","O&M Circle Harda","O&M Division Harda South","Rehatgaon D/C","Bhopal","249085","100 KVA RAMJIVAN CHACHRE WALA MALGAON ADDITIONAL","2025-05-18","2025-05-18","2026-03-10","2026-03-09","2026-03-15","2026-03-15"
"K K Construction Co","Bhopal","O&M Circle Harda","O&M Division Harda South","Timarni D/C","Bhopal","263489","ADDITIONAL 63KVA MADAN CHOUHAN WALA","2026-03-19","2026-03-19",NULL,NULL,NULL,NULL
"K K Construction Co","Bhopal","O&M Circle Harda","O&M Division Harda South","Timarni D/C","Bhopal","263485","SEPRATE AG 63KVA 3 NO. CHHIDGAON","2026-03-19","2026-03-19",NULL,NULL,NULL,NULL
"K K Construction Co","Bhopal","O&M Circle Harda","O&M Division Harda South","Timarni D/C","Bhopal","263484","SEPRATE AG 63KVA 2 NO. CHHIDGAON","2026-03-19","2026-03-19",NULL,NULL,NULL,NULL
"K K Construction Co","Bhopal","O&M Circle Harda","O&M Division Harda North","Harda South D/C","Bhopal","265691","Additional dtr at Bhatparetiya","2026-03-20","2026-04-06",NULL,NULL,NULL,NULL
"K K Construction Co","Bhopal","O&M Circle Harda","O&M Division Harda South","Rehatgaon D/C","Bhopal","252378","100 KVA PAWAR WALA KHAMGAON ADDITIONAL","2026-03-19","2026-03-25",NULL,NULL,NULL,NULL
"K K Construction Co","Bhopal","O&M Circle Harda","O&M Division Harda North","Harda South D/C","Bhopal","241550","Additional dtr at Hanuman mandir barkala","2026-03-21","2026-04-24",NULL,NULL,NULL,NULL
"K K Construction Co","Bhopal","O&M Circle Harda","O&M Division Harda North","Harda South D/C","Bhopal","241582","Additional dtr at rajes dugaya ke pass uda","2026-03-21","2026-04-24",NULL,NULL,NULL,NULL
"K K Construction Co","Bhopal","O&M Circle Harda","O&M Division Harda North","Harda South D/C","Bhopal","241551","Additional dtr at bucha dada ke pass charkheda","2026-03-21","2026-04-24",NULL,NULL,NULL,NULL
"K K Construction Co","Bhopal","O&M Circle Harda","O&M Division Harda North","Harda South D/C","Bhopal","241558","Additional dtr at near madhu doctor nimacha","2026-03-21","2026-04-24",NULL,NULL,NULL,NULL
"K K Construction Co","Bhopal","O&M Circle Harda","O&M Division Harda North","Harda South D/C","Bhopal","241591","Additional dtr at bus stand uda","2026-03-21","2026-04-06",NULL,NULL,NULL,NULL
"K K Construction Co","Bhopal","O&M Circle Harda","O&M Division Harda North","Harda South D/C","Bhopal","241588","Additional dtr at bhilat baba uda","2026-03-21","2026-04-06",NULL,NULL,NULL,NULL
"K K Construction Co","Bhopal","O&M Circle Harda","O&M Division Harda South","Rehatgaon D/C","Bhopal","249514","100 KVA JAMDHAD NO 2 ADDITIONAL","2025-05-18","2025-05-18","2026-03-10","2026-03-09","2026-03-15","2026-03-15"
"K K Construction Co","Bhopal","O&M Circle Harda","O&M Division Harda North","Harda South D/C","Bhopal","243078","Additional DTR at aam dhana deendayal ke pass bala","2026-03-21","2026-04-06",NULL,NULL,NULL,NULL
"K K Construction Co","Bhopal","O&M Circle Harda","O&M Division Harda South","Timarni D/C","Bhopal","68734","ADDITIONAL 100KVA NANDLAL WALA BHADUGAON","2025-06-02","2025-06-06","2025-12-08","2025-09-24","2025-12-10","2025-12-10"
"K K Construction Co","Bhopal","O&M Circle Harda","O&M Division Harda North","Harda South D/C","Bhopal","241572","Additional dtr at Suresh morchale ke pass khidkiwa","2026-03-21","2026-04-24",NULL,NULL,NULL,NULL
"K K Construction Co","Bhopal","O&M Circle Harda","O&M Division Harda South","Timarni D/C","Bhopal","64139","additional 100kva gurjar chatrawas timarni","2026-03-19","2026-03-21",NULL,NULL,NULL,NULL
"K K Construction Co","Bhopal","O&M Circle Harda","O&M Division Harda North","Harda South D/C","Bhopal","243113","Additional DTR at gaon wala near 100 kva Jijgaon","2026-03-21","2026-04-06",NULL,NULL,NULL,NULL
"K K Construction Co","Bhopal","O&M Circle Harda","O&M Division Harda South","Timarni D/C","Bhopal","64130","additional 100kva idgah timarni","2026-03-19","2026-03-21",NULL,NULL,NULL,NULL
"K K Construction Co","Bhopal","O&M Circle Harda","O&M Division Harda South","Timarni D/C","Bhopal","201031","ADDITIONAL 100KVA JUGAL WALA POKHARNI","2025-06-02","2025-06-06","2025-12-05","2025-09-24","2025-12-10","2025-12-10"
"K K Construction Co","Bhopal","O&M Circle Harda","O&M Division Harda South","Rehatgaon D/C","Bhopal","253054","100 KVA ANOKHI WALA NAJARPURA ADDITIONAL","2025-05-18","2025-05-18","2026-03-10","2026-03-09","2026-03-15","2026-03-15"
"K K Construction Co","Bhopal","O&M Circle Harda","O&M Division Harda South","Rehatgaon D/C","Bhopal","253978","100 KVA UMARDHA GAON WALA ADD.","2025-09-06","2025-09-07",NULL,"2026-03-12",NULL,NULL
"K K Construction Co","Bhopal","O&M Circle Harda","O&M Division Harda South","Timarni D/C","Bhopal","200949","ADDITIONAL 100KVA HARI WALA MANIYAKHEDI","2025-06-02","2025-06-06","2025-12-06","2025-09-24","2025-12-10","2025-12-10"
"K K Construction Co","Bhopal","O&M Circle Harda","O&M Division Harda South","Rehatgaon D/C","Bhopal","278703","100 KVA GAON WALA NIMYAGAON PUMP ADD.","2026-03-19","2026-03-21",NULL,NULL,NULL,NULL
"K K Construction Co","Bhopal","O&M Circle Harda","O&M Division Harda South","Timarni D/C","Bhopal","68594","additional piplya gaon wala","2025-06-02","2025-06-06","2025-12-08","2025-09-24","2025-12-10","2025-12-10"
"K K Construction Co","Bhopal","O&M Circle Harda","O&M Division Harda North","Harda South D/C","Bhopal","243020","Additional DTR at near deendayal kotwar ke pass ba","2026-03-19","2026-04-06",NULL,NULL,NULL,NULL
"K K Construction Co","Bhopal","O&M Circle Harda","O&M Division Harda South","Rehatgaon D/C","Bhopal","278750","100 KVA NANDA PATEL WALA TEMAGAON ADDITIONAL","2025-05-18","2025-05-18","2026-03-10","2026-03-09","2026-03-15","2026-03-15"
"K K Construction Co","Bhopal","O&M Circle Harda","O&M Division Harda South","Rehatgaon D/C","Bhopal","256471","100 KVA DAJI WALA NANDWA ADDITIONAL","2026-03-19","2026-03-21",NULL,NULL,NULL,NULL
"K K Construction Co","Bhopal","O&M Circle Harda","O&M Division Harda South","Timarni D/C","Bhopal","68818","ADDITIONAL 100KVA PULIYA WALA SAMRDHA","2025-06-02","2025-06-06","2025-12-06","2025-09-24","2025-12-10","2025-12-10"
"K K Construction Co","Bhopal","O&M Circle Harda","O&M Division Harda North","Harda South D/C","Bhopal","243119","Additional DTR at near nahar ke pass Jijgaon","2026-03-21","2026-04-06",NULL,NULL,NULL,NULL
"K K Construction Co","Bhopal","O&M Circle Harda","O&M Division Harda North","Harda South D/C","Bhopal","242692","Additional DTR at near panchayat bhavan kelanpur","2026-03-21","2026-04-06",NULL,NULL,NULL,NULL
"K K Construction Co","Bhopal","O&M Circle Harda","O&M Division Harda North","Harda South D/C","Bhopal","242580","Additional DTR at Pani ki tanki ke pass choti sukh","2026-03-21","2026-04-06",NULL,NULL,NULL,NULL
"K K Construction Co","Bhopal","O&M Circle Harda","O&M Division Harda South","Timarni D/C","Bhopal","68592","additional bus stand chhidgaon","2025-06-02","2025-06-06","2025-12-08","2025-09-24","2025-12-10","2025-12-10"
"K K Construction Co","Bhopal","O&M Circle Harda","O&M Division Harda South","Timarni D/C","Bhopal","64119","additional 200kva bus stand 2","2025-07-15","2025-07-15","2025-11-04","2025-09-24","2025-11-04","2025-11-04"
"K K Construction Co","Bhopal","O&M Circle Harda","O&M Division Harda South","Timarni D/C","Bhopal","64117","additional 200kva bus stand 1","2025-07-15","2025-07-15","2025-11-04","2025-09-24","2025-11-04","2025-11-04"
"K K Construction Co","Bhopal","O&M Circle Harda","O&M Division Harda South","Timarni D/C","Bhopal","64012","additional 63kva choke wala sotada","2025-06-02","2025-06-06","2025-12-08","2025-09-24","2025-12-10","2025-12-10"
"K K Construction Co","Bhopal","O&M Circle Harda","O&M Division Harda South","Sirali Distribution Center","Bhopal","241686","Additional nibbu badi wala 100 kva","2026-03-19","2026-03-21",NULL,NULL,NULL,NULL
"K K Construction Co","Bhopal","O&M Circle Harda","O&M Division Harda South","Timarni D/C","Bhopal","64337","additional 100kva dehary wala","2026-03-19","2026-03-21",NULL,NULL,NULL,NULL
"K K Construction Co","Bhopal","O&M Circle Harda","O&M Division Harda North","Harda North D/C","Bhopal","210056","Nandra Additional dtr Thakur mohlla ghodakund road","2026-03-19",NULL,NULL,NULL,NULL,NULL
"K K Construction Co","Bhopal","O&M Circle Harda","O&M Division Harda South","Sirali Distribution Center","Bhopal","242490","additional dtr harijan mohalla wala 100 kva","2026-03-20","2026-03-21",NULL,NULL,NULL,NULL
"K K Construction Co","Bhopal","O&M Circle Harda","O&M Division Harda North","Harda North D/C","Bhopal","266020","KOLWA ADDITIONAL DTR COLONY WALA","2026-03-21","2026-04-24",NULL,NULL,NULL,NULL
"K K Construction Co","Bhopal","O&M Circle Harda","O&M Division Harda North","Harda North D/C","Bhopal","201228","SONKHEDI ADDITIIONAL DTR HARIJAN MOHLLA","2026-03-19",NULL,NULL,NULL,NULL,NULL
"K K Construction Co","Bhopal","O&M Circle Harda","O&M Division Harda North","Harda North D/C","Bhopal","212441","GOLA ADDISTIONAL DTR GHANSHYM WALA","2026-03-21","2026-04-25",NULL,NULL,NULL,NULL
"K K Construction Co","Bhopal","O&M Circle Harda","O&M Division Harda North","Harda North D/C","Bhopal","64597","HANDIYA ADDISTIONAL DTR PANI KI TANKI KE PASS","2026-03-19","2026-04-25",NULL,NULL,NULL,NULL
"K K Construction Co","Bhopal","O&M Circle Harda","O&M Division Harda North","Harda North D/C","Bhopal","212460","HANDIYA ADDISTIONAL DTR TIWARI MOHLLA","2026-03-19","2026-04-25",NULL,NULL,NULL,NULL
"K K Construction Co","Bhopal","O&M Circle Harda","O&M Division Harda North","Harda North D/C","Bhopal","211071","AADAMPUR ADDISTIONAL DTR CHOUK ME","2026-03-21","2026-04-25",NULL,NULL,NULL,NULL
"K K Construction Co","Bhopal","O&M Circle Harda","O&M Division Harda North","Harda North D/C","Bhopal","64426","ADDISTIONAL DTR ABGAONKHURD AANAND NAGAR TAPPAR","2026-03-21","2026-04-25",NULL,NULL,NULL,NULL
"K K Construction Co","Bhopal","O&M Circle Harda","O&M Division Harda North","Harda North D/C","Bhopal","254419","EKDALIYA ADDITIONAL DTR VISHUNU KE GHAR PASS","2026-03-21","2026-04-24",NULL,NULL,NULL,NULL
"K K Construction Co","Bhopal","O&M Circle Harda","O&M Division Harda North","Harda North D/C","Bhopal","64428","ADDISTIONAL DTR ABGAONKHURD NAYANAGAR","2026-03-21","2026-04-25",NULL,NULL,NULL,NULL
"K K Construction Co","Bhopal","O&M Circle Harda","O&M Division Harda North","Harda North D/C","Bhopal","201326","BHONKHEDI ADDISTIONAL DTR SCHOOL KE PASS","2026-03-21",NULL,NULL,NULL,NULL,NULL
"K K Construction Co","Bhopal","O&M Circle Harda","O&M Division Harda North","Harda North D/C","Bhopal","200406","ABGAON KALA ADDISTIONAL DTR RAJA PATEL","2026-03-21",NULL,NULL,NULL,NULL,NULL
"K K Construction Co","Bhopal","O&M Circle Harda","O&M Division Harda North","Harda North D/C","Bhopal","200295","ABGAON KALA ADDISTIONAL DTR 4 GALI","2026-03-21",NULL,NULL,NULL,NULL,NULL
"K K Construction Co","Bhopal","O&M Circle Harda","O&M Division Harda North","Harda North D/C","Bhopal","210406","RELWA ADDISTIONAL DTR DUGAYA MOHLLA","2026-03-21",NULL,NULL,NULL,NULL,NULL
"K K Construction Co","Bhopal","O&M Circle Harda","O&M Division Harda North","Harda North D/C","Bhopal","203403","DAGAWANNEMA ADDISTIONAL DTR MOHAN PATEL","2026-03-19",NULL,NULL,NULL,NULL,NULL
"K K Construction Co","Bhopal","O&M Circle Harda","O&M Division Harda North","Harda North D/C","Bhopal","212461","HANDIYA ADDISTIONAL DTR DURGESH AGRAWAL","2026-03-19","2026-04-25",NULL,NULL,NULL,NULL
"K K Construction Co","Bhopal","O&M Circle Harda","O&M Division Harda South","Sirali Distribution Center","Bhopal","241644","additional dtr pipal wala 100 kva","2025-05-18","2025-05-18",NULL,NULL,NULL,NULL
"K K Construction Co","Bhopal","O&M Circle Harda","O&M Division Harda South","Rehatgaon D/C","Bhopal","281408","100 KVA MUCHHALYA WALA KALPI ADDITIONAL","2026-03-19","2026-03-21",NULL,NULL,NULL,NULL
"K K Construction Co","Bhopal","O&M Circle Harda","O&M Division Harda South","Kartana D/C","Bhopal","243327","lt cable aug work ramnath chakki kartana","2026-03-18","2026-03-25",NULL,NULL,NULL,NULL
"K K Construction Co","Bhopal","O&M Circle Harda","O&M Division Harda South","Sirali Distribution Center","Bhopal","242558","AUG.LT 200 KVA DTR Villagewala Kamtada","2026-03-19","2026-03-21",NULL,NULL,NULL,NULL
"K K Construction Co","Bhopal","O&M Circle Harda","O&M Division Harda South","Sirali Distribution Center","Bhopal","244603","Additional dtr rampuri choti nahar Wala 63kva","2025-05-18","2025-05-18","2025-12-03","2025-09-24","2025-12-10","2025-12-10"
"M/s UNIVERSAL MEP PROJECTS & ENGINEERING SERVICES LIMITED","Gwalior","O&M Circle Morena","O&M Division Ambah","Porsa DC","Gwalior","47981","33 /11 KV SUBSTATION PORSA 2 DHANETA 29MAR22 NEW 2","2026-01-28","2026-03-25","2026-04-24","2026-04-13","2026-04-27","2026-04-27"
"M/s UNIVERSAL MEP PROJECTS & ENGINEERING SERVICES LIMITED","Gwalior","O&M Circle Morena","O&M Division Sabalgarh","Sankra DC","Gwalior","48277","New Ahroli 33/11 KV Sub Station","2026-02-16","2026-04-01","2026-04-06","2026-04-01","2026-04-13","2026-04-13"
"K K Construction Co","Bhopal","O&M Circle Harda","O&M Division Harda North","HARDA(T)","Bhopal","255832","LT cable augmentation 100 kva sonkar mohalla","2026-03-19","2026-03-29",NULL,NULL,NULL,NULL
"K K Construction Co","Bhopal","O&M Circle Harda","O&M Division Harda North","HARDA(T)","Bhopal","255850","LT cable augmentation 100 kva bangali colony","2026-03-19","2026-03-29",NULL,NULL,NULL,NULL
"K K Construction Co","Bhopal","O&M Circle Harda","O&M Division Harda North","HARDA(T)","Bhopal","255914","LT cable augmentation in dev colony 100 kva","2026-03-19","2026-03-29",NULL,NULL,NULL,NULL
"K K Construction Co","Bhopal","O&M Circle Harda","O&M Division Harda North","HARDA(T)","Bhopal","64019","Lodhi mandir 120 cable agumentation","2026-03-19","2026-03-29",NULL,NULL,NULL,NULL
"M/s UNIVERSAL MEP PROJECTS & ENGINEERING SERVICES LIMITED","Gwalior","O&M Circle Sheopur","O&M Division Sheopur North","Gaswani DC","Gwalior","229267","11 kv saharam with DTR and LT abadi","2025-06-02","2025-06-03","2025-06-09","2025-06-05","2025-07-21",NULL
"K K Construction Co","Bhopal","O&M Circle Harda","O&M Division Harda South","Sirali Distribution Center","Bhopal","243285","Additional bandimuhadiya harijan mohall 100 kva","2026-03-20","2026-03-21",NULL,NULL,NULL,NULL
"K K Construction Co","Bhopal","O&M Circle Harda","O&M Division Harda South","Sirali Distribution Center","Bhopal","243186","Additional Ganesh jadam wala 63 kva","2026-03-20","2026-03-21",NULL,NULL,NULL,NULL
"M/s UNIVERSAL MEP PROJECTS & ENGINEERING SERVICES LIMITED","Gwalior","O&M Circle Gwalior","O&M Division Gwalior","Hastinapur DC","Gwalior","233104","Chak Gundhara substation-3","2026-01-13","2026-01-27","2026-02-02","2026-01-29","2026-02-06","2026-03-12"
"K K Construction Co","Bhopal","O&M Circle Harda","O&M Division Harda South","Timarni D/C","Bhopal","241904","CABLE AUGUMENTATION 282 PRASRAM NIMACHA","2026-03-18","2026-03-20",NULL,NULL,NULL,NULL
"K K Construction Co","Bhopal","O&M Circle Harda","O&M Division Harda South","Timarni D/C","Bhopal","241889","CABLE AUGUMENTATION 272 KHA; SAMRDHA","2026-03-18","2026-03-20",NULL,NULL,NULL,NULL
"K K Construction Co","Bhopal","O&M Circle Harda","O&M Division Harda South","Sirali Distribution Center","Bhopal","69956","Feeder Sepration : MAHENDRAGAON","2026-03-20","2026-03-21",NULL,NULL,NULL,NULL
"K K Construction Co","Bhopal","O&M Circle Harda","O&M Division Harda South","Sirali Distribution Center","Bhopal","243578","Additional shyam khodre wala 63 kva","2025-06-02","2025-06-06","2025-12-03","2025-08-21","2025-12-10","2025-12-10"
"K K Construction Co","Bhopal","O&M Circle Harda","O&M Division Harda South","Sirali Distribution Center","Bhopal","242646","Additional Tehsil office wala 200 kva","2025-05-18","2025-05-18","2025-12-03","2025-09-24","2025-12-10","2025-12-10"
"K K Construction Co","Bhopal","O&M Circle Harda","O&M Division Harda North","Charuwa D/C","Bhopal","200090","ADDITIONAL RAMCHANDRA GURJARKE KHET ME","2025-05-16","2025-05-17",NULL,NULL,NULL,NULL
"K K Construction Co","Bhopal","O&M Circle Harda","O&M Division Harda South","Sirali Distribution Center","Bhopal","241959","Additional purana rampura road tankiwala 200 kva","2025-07-15","2025-07-16","2025-11-10","2025-09-24","2025-11-13","2025-11-13"
"K K Construction Co","Bhopal","O&M Circle Harda","O&M Division Harda North","Khirkiya D/C","Bhopal","203485","NEW ADDI TANDE WALA DLF DTR 63 DHANWADA","2025-09-06","2025-09-07","2025-11-10","2025-09-25","2025-11-13","2025-11-13"
"K K Construction Co","Bhopal","O&M Circle Harda","O&M Division Harda South","Timarni D/C","Bhopal","64137","additional 200kva sani mandir timarni","2025-06-02","2025-06-06","2025-12-08","2025-09-24","2025-12-10","2025-12-10"
"K K Construction Co","Bhopal","O&M Circle Harda","O&M Division Harda South","Kartana D/C","Bhopal","262922","lt aug mirilal nayagaon","2025-05-17","2025-05-17","2025-12-08","2025-11-05","2025-12-10","2025-12-10"
"K K Construction Co","Bhopal","O&M Circle Harda","O&M Division Harda North","Charuwa D/C","Bhopal","218680","Additional. Dakkan khali","2025-05-17","2025-05-17",NULL,NULL,NULL,NULL
"K K Construction Co","Bhopal","O&M Circle Harda","O&M Division Harda South","Kartana D/C","Bhopal","231770","Addition dtr 63 kva mahesh karigar rundalay, hari","2025-05-17","2025-05-17","2025-12-08","2025-11-05","2025-12-10","2025-12-10"
"K K Construction Co","Bhopal","O&M Circle Harda","O&M Division Harda North","Harda South D/C","Bhopal","243108","Additional DTR at Jijgaon main road colony","2026-03-21","2026-04-06",NULL,NULL,NULL,NULL
"K K Construction Co","Bhopal","O&M Circle Harda","O&M Division Harda South","Sirali Distribution Center","Bhopal","230298","EXTENTION OF EXISTING SIRALI FEEDER WITH DTR","2025-09-06","2025-09-07","2025-11-10","2025-09-24","2025-11-13","2025-11-13"
"K K Construction Co","Bhopal","O&M Circle Harda","O&M Division Harda South","Sirali Distribution Center","Bhopal","253755","Bare low cable to high cable 25 kva bus stand wala","2025-07-15","2025-07-16","2025-11-04","2025-09-24","2025-11-05","2025-11-05"
"K K Construction Co","Bhopal","O&M Circle Harda","O&M Division Harda South","Rehatgaon D/C","Bhopal","63021","25 KVA JAMWADI WALA CABLE CONVERSION","2025-09-06","2025-09-07",NULL,"2026-03-12",NULL,NULL
"K K Construction Co","Bhopal","O&M Circle Harda","O&M Division Harda North","Khirkiya D/C","Bhopal","203386","NEW ADDI SOSAYATI WALI DLF DTR 63 DHANWADA","2025-05-17","2025-05-17","2025-12-08","2025-06-06","2025-12-10","2025-12-10"
"K K Construction Co","Bhopal","O&M Circle Harda","O&M Division Harda South","Timarni D/C","Bhopal","201030","ADDITIONAL 100KVA GANGA VISHAN WALA POKHARNI","2025-06-02","2025-06-06","2025-12-06","2025-09-24","2025-12-10","2025-12-10"
"K K Construction Co","Bhopal","O&M Circle Harda","O&M Division Harda South","Timarni D/C","Bhopal","68834","ADDITIONL 100KVA TALAB WALA PIPLYA","2025-06-02","2025-06-06",NULL,NULL,NULL,NULL
"K K Construction Co","Bhopal","O&M Circle Harda","O&M Division Harda South","Timarni D/C","Bhopal","68738","ADDITIONAL 100KVA SAHAB DADA BABA UNDRAKCH","2025-06-02","2025-06-06",NULL,NULL,NULL,NULL
"K K Construction Co","Bhopal","O&M Circle Harda","O&M Division Harda South","Timarni D/C","Bhopal","241832","CABLE AUGUMENTATION 4544410003 RAHATGAON ROAD","2026-03-19","2026-03-20",NULL,NULL,NULL,NULL
"M/s UNIVERSAL MEP PROJECTS & ENGINEERING SERVICES LIMITED","Gwalior","O&M Circle Guna","O&M Division Guna","Rampur DC","Gwalior","219215","11 kv rampur abadi bifurcation","2025-01-29","2025-03-27","2025-03-27",NULL,"2025-03-28","2025-03-29"
"K K Construction Co","Bhopal","O&M Circle Harda","O&M Division Harda North","Harda South D/C","Bhopal","266244","LT augmentation work kharpa","2026-03-18","2026-04-06",NULL,NULL,NULL,NULL
"M/s UNIVERSAL MEP PROJECTS & ENGINEERING SERVICES LIMITED","Gwalior","O&M Circle Ashoknagar","O&M Division Ashoknagar","Awari DC","Gwalior","226365","extension of Bhaisarwas abadi feeder","2025-10-08","2025-10-08","2025-10-08",NULL,"2025-10-08","2025-10-08"
"K K Construction Co","Bhopal","O&M Circle Harda","O&M Division Harda North","Charuwa D/C","Bhopal","218790","INTER HASANPURA TO IMLIDANA","2025-02-28","2025-02-28","2025-03-02",NULL,"2025-03-04","2025-03-04"
"K K Construction Co","Bhopal","O&M Circle Harda","O&M Division Harda North","Khirkiya D/C","Bhopal","266987","Conversion of LT Line : LT Cable Augmentation Dholgaon kala 2 No DTR","2026-03-18","2026-03-28",NULL,NULL,NULL,NULL
"K K Construction Co","Bhopal","O&M Circle Harda","O&M Division Harda North","Charuwa D/C","Bhopal","211209","LT NEW NAHALI ROAD SOMGAON","2025-05-17","2025-05-17",NULL,NULL,NULL,NULL
"K K Construction Co","Bhopal","O&M Circle Harda","O&M Division Harda South","Timarni D/C","Bhopal","215605","INTERCONNECTION BEETWEEN COLLEGE TO NIMACHA ANATH","2025-09-06","2025-09-07","2025-11-04","2025-09-24","2025-11-05","2025-11-05"
"K K Construction Co","Bhopal","O&M Circle Harda","O&M Division Harda North","Harda South D/C","Bhopal","257213","LT line augmentation school ke pass kelanpur","2026-03-18","2026-04-06",NULL,NULL,NULL,NULL
"K K Construction Co","Bhopal","O&M Circle Harda","O&M Division Harda North","Harda North D/C","Bhopal","266049","Conversion of LT Line : NAYAPURA LT CABLE AUG PANI TANKI WALA DTR","2026-03-19","2026-04-24",NULL,NULL,NULL,NULL
"K K Construction Co","Bhopal","O&M Circle Harda","O&M Division Harda North","Harda South D/C","Bhopal","264701","LT augmentation work colony kukrawad","2026-03-18","2026-04-06",NULL,NULL,NULL,NULL
"K K Construction Co","Bhopal","O&M Circle Harda","O&M Division Harda North","Harda South D/C","Bhopal","256966","LT line augmentation Panchayat wali khamapadva","2026-03-18","2026-04-06",NULL,NULL,NULL,NULL
"K K Construction Co","Bhopal","O&M Circle Harda","O&M Division Harda North","Harda South D/C","Bhopal","264842","LT augmentation work kanarda","2026-03-18","2026-04-06",NULL,NULL,NULL,NULL
"K K Construction Co","Bhopal","O&M Circle Harda","O&M Division Harda North","Harda South D/C","Bhopal","265652","LT augmentation work Bhatparetiya","2026-03-18","2026-04-06",NULL,NULL,NULL,NULL
"K K Construction Co","Bhopal","O&M Circle Harda","O&M Division Harda South","Sirali Distribution Center","Bhopal","254117","cable aug. low to high cable 25 kva govind sutar w","2026-03-19","2026-03-21",NULL,NULL,NULL,NULL
"K K Construction Co","Bhopal","O&M Circle Harda","O&M Division Harda North","Harda South D/C","Bhopal","255067","LT line augmentation Arun water plant rupiparetiya","2026-03-18","2026-04-06",NULL,NULL,NULL,NULL
"K K Construction Co","Bhopal","O&M Circle Harda","O&M Division Harda South","Kartana D/C","Bhopal","242256","new Lt cable","2026-03-18","2026-03-28",NULL,NULL,NULL,NULL
"K K Construction Co","Bhopal","O&M Circle Harda","O&M Division Harda South","Kartana D/C","Bhopal","261927","lt survey shaitan kathdi","2026-03-18","2026-03-25",NULL,NULL,NULL,NULL
"K K Construction Co","Bhopal","O&M Circle Harda","O&M Division Harda South","Sirali Distribution Center","Bhopal","253470","Bare low cable to high cable 63 kva bawadiya no.2","2026-03-19","2026-03-21",NULL,NULL,NULL,NULL
"K K Construction Co","Bhopal","O&M Circle Harda","O&M Division Harda South","Sirali Distribution Center","Bhopal","253740","Bare low cable to high cable 200 kva gaon amasel w","2026-03-19","2026-03-21",NULL,NULL,NULL,NULL
"K K Construction Co","Bhopal","O&M Circle Harda","O&M Division Harda North","Harda South D/C","Bhopal","255092","LT line augmentation Bajrang mandir rupiparetiya","2026-03-18","2026-04-06",NULL,NULL,NULL,NULL
"K K Construction Co","Bhopal","O&M Circle Harda","O&M Division Harda North","Harda South D/C","Bhopal","265932","LT augmentation work Jijgaon khurd","2026-03-18","2026-04-06",NULL,NULL,NULL,NULL
"K K Construction Co","Bhopal","O&M Circle Harda","O&M Division Harda South","Kartana D/C","Bhopal","243235","cable agumentation work school wali kartana","2026-03-18","2026-03-25",NULL,NULL,NULL,NULL
"K K Construction Co","Bhopal","O&M Circle Harda","O&M Division Harda South","Sirali Distribution Center","Bhopal","253795","Bare low cable to high cable 100 kva purana bus st","2026-03-18","2026-03-21",NULL,NULL,NULL,NULL
"K K Construction Co","Bhopal","O&M Circle Harda","O&M Division Harda South","Kartana D/C","Bhopal","262800","lt augu anter nayagaon","2025-05-17","2025-05-17","2025-12-08","2025-11-05","2025-12-10","2025-12-10"
"K K Construction Co","Bhopal","O&M Circle Harda","O&M Division Harda South","Kartana D/C","Bhopal","252172","LT CAABE WORK VILAGE KUHIGWADI","2025-05-17","2025-05-17","2025-12-08","2025-11-05","2025-12-10","2025-12-10"
"K K Construction Co","Bhopal","O&M Circle Harda","O&M Division Harda North","Charuwa D/C","Bhopal","218683","Additional Richariya","2025-05-17","2025-05-17",NULL,NULL,NULL,NULL
"K K Construction Co","Bhopal","O&M Circle Harda","O&M Division Harda South","Rehatgaon D/C","Bhopal","257579","100 KVA SCHOOL JHALLAR CONDUCTER TO CABLE","2026-03-18","2026-03-21",NULL,NULL,NULL,NULL
"K K Construction Co","Bhopal","O&M Circle Harda","O&M Division Harda South","Rehatgaon D/C","Bhopal","262915","Conversion of LT Line : 25 KVA SCHOOL WALA CHHIDGAON CABLE AUG","2026-03-18","2026-03-21",NULL,NULL,NULL,NULL
"K K Construction Co","Bhopal","O&M Circle Harda","O&M Division Harda South","Rehatgaon D/C","Bhopal","63040","200 KVA BAZAR WALA CABLE CONVERSION","2026-03-18","2026-03-25",NULL,NULL,NULL,NULL
"K K Construction Co","Bhopal","O&M Circle Harda","O&M Division Harda South","Sirali Distribution Center","Bhopal","255211","Bare conductor to ab cable 200 kva ramdayal baba w","2026-03-18","2026-03-21",NULL,NULL,NULL,NULL
"K K Construction Co","Bhopal","O&M Circle Harda","O&M Division Harda South","Kartana D/C","Bhopal","256492","lt suevey lachora kishor wali","2026-03-18","2026-03-25",NULL,NULL,NULL,NULL
"K K Construction Co","Bhopal","O&M Circle Harda","O&M Division Harda South","Rehatgaon D/C","Bhopal","257249","100 KVA PATEL WALA JHADPA CABLE AUG.","2026-03-18","2026-03-21",NULL,NULL,NULL,NULL
"K K Construction Co","Bhopal","O&M Circle Harda","O&M Division Harda South","Sirali Distribution Center","Bhopal","253395","Bare low cable to high cable 63 kva bawadiya gaon","2026-03-19","2026-03-21",NULL,NULL,NULL,NULL
"K K Construction Co","Bhopal","O&M Circle Harda","O&M Division Harda South","Timarni D/C","Bhopal","264049","lt cable aug jamna wala se bajania village","2026-03-18","2026-03-19",NULL,NULL,NULL,NULL
"K K Construction Co","Bhopal","O&M Circle Harda","O&M Division Harda North","Charuwa D/C","Bhopal","241493","Additional DTR Deepgaon nahar par Tola","2025-05-17","2025-05-17",NULL,NULL,NULL,NULL
"K K Construction Co","Bhopal","O&M Circle Harda","O&M Division Harda South","Sirali Distribution Center","Bhopal","250847","Bare conductor to ab cable 25kva pani ki tanki wal","2026-03-18","2026-03-21",NULL,NULL,NULL,NULL
"K K Construction Co","Bhopal","O&M Circle Harda","O&M Division Harda North","Harda North D/C","Bhopal","285638","Conversion of LT Line : AADAMPUR LT CABLE AUG GAON WALA DTR","2026-03-18","2026-04-24",NULL,NULL,NULL,NULL
"K K Construction Co","Bhopal","O&M Circle Harda","O&M Division Harda North","Charuwa D/C","Bhopal","241503","Additional DTR Kukdapani2","2026-03-21",NULL,NULL,NULL,NULL,NULL
"K K Construction Co","Bhopal","O&M Circle Harda","O&M Division Harda South","Kartana D/C","Bhopal","227164","Police choki kartana talab ke pas 63 kva additaion","2025-05-17","2025-05-17","2025-12-08","2025-11-05","2025-12-10","2025-12-10"
"K K Construction Co","Bhopal","O&M Circle Harda","O&M Division Harda North","Charuwa D/C","Bhopal","202630","ADD. GIRJASHANKAR GOPALPURA","2026-03-21","2026-04-25",NULL,NULL,NULL,NULL
"K K Construction Co","Bhopal","O&M Circle Harda","O&M Division Harda North","Charuwa D/C","Bhopal","207975","ADD. SUNDARPANI WALA","2026-03-21","2026-04-25",NULL,NULL,NULL,NULL
"K K Construction Co","Bhopal","O&M Circle Harda","O&M Division Harda North","Charuwa D/C","Bhopal","200308","ADDITIONAL JUNAPANI SHANTILAL WALE","2026-03-21","2026-04-25",NULL,NULL,NULL,NULL
"K K Construction Co","Bhopal","O&M Circle Harda","O&M Division Harda North","Harda North D/C","Bhopal","209032","AALANPUR ADDISTIONAL DTR COLONY","2026-03-19",NULL,NULL,NULL,NULL,NULL
"K K Construction Co","Bhopal","O&M Circle Harda","O&M Division Harda North","Harda South D/C","Bhopal","241549","Additional dtr at ramkrishna dongre ke pass barkal","2026-03-21","2026-04-24",NULL,NULL,NULL,NULL
"K K Construction Co","Bhopal","O&M Circle Harda","O&M Division Harda South","Sirali Distribution Center","Bhopal","243554","Additional nahar wala 63 kva","2025-06-02","2025-06-06","2025-12-03","2025-08-21","2025-12-10","2025-12-10"
"K K Construction Co","Bhopal","O&M Circle Harda","O&M Division Harda South","Timarni D/C","Bhopal","200982","ADDITIONAL 100KVA PALIWAL WALA JHADTALAI","2026-03-19","2026-03-19",NULL,NULL,NULL,NULL
"K K Construction Co","Bhopal","O&M Circle Harda","O&M Division Harda North","Harda North D/C","Bhopal","200436","KUNJARGAON ADDISTIONAL DTR RIJGAON ROAD","2026-03-21","2026-04-25",NULL,NULL,NULL,NULL
"K K Construction Co","Bhopal","O&M Circle Harda","O&M Division Harda South","Sirali Distribution Center","Bhopal","242811","Additional Ganesh wala 100 kva","2026-03-19","2026-03-19",NULL,NULL,NULL,NULL
"K K Construction Co","Bhopal","O&M Circle Harda","O&M Division Harda North","Harda North D/C","Bhopal","269542","Conversion of LT Line : GODAKUND LT CABLE AUG GAON WALA DTR","2026-03-18","2026-04-24",NULL,NULL,NULL,NULL
"K K Construction Co","Bhopal","O&M Circle Harda","O&M Division Harda North","Harda North D/C","Bhopal","265929","Conversion of LT Line : MAIDA LT CABLE CHOTI MAIDA SCHOOL WALA DTR","2026-03-18","2026-04-24",NULL,NULL,NULL,NULL
"K K Construction Co","Bhopal","O&M Circle Harda","O&M Division Harda North","Harda North D/C","Bhopal","254278","KAKRDA LT CABLE AUG CHAKKI WALA","2026-03-19","2026-04-24",NULL,NULL,NULL,NULL
"M/s UNIVERSAL MEP PROJECTS & ENGINEERING SERVICES LIMITED","Gwalior","O&M Circle Ashoknagar","O&M Division Ashoknagar","Toomen DC","Gwalior","242313","Feeder Sepration : Amahi DLF","2026-02-17","2026-02-17","2026-02-24","2026-02-16","2026-02-24","2026-02-24"
"K K Construction Co","Bhopal","O&M Circle Harda","O&M Division Harda South","Rehatgaon D/C","Bhopal","254997","100 KVA DWARKA WALA BAHADARPURA ADDITIONAL","2026-03-19","2026-03-21",NULL,NULL,NULL,NULL
"K K Construction Co","Bhopal","O&M Circle Harda","O&M Division Harda North","Charuwa D/C","Bhopal","220441","Additional Chikalpat","2026-03-20",NULL,NULL,NULL,NULL,NULL
"K K Construction Co","Bhopal","O&M Circle Harda","O&M Division Harda North","Charuwa D/C","Bhopal","242457","LT BARE CONDUCTOR TO CABLE SONPURA(293)","2026-03-19",NULL,NULL,NULL,NULL,NULL
"K K Construction Co","Bhopal","O&M Circle Harda","O&M Division Harda North","Charuwa D/C","Bhopal","242449","LT BARE CONDUCTOR TO CABLE SONPURA(292)","2026-03-19",NULL,NULL,NULL,NULL,NULL
"K K Construction Co","Bhopal","O&M Circle Harda","O&M Division Harda North","Masangaon D/C","Bhopal","257863","New LT cable 95sq.mm.Bamangaon","2026-03-18","2026-03-28",NULL,NULL,NULL,NULL
"K K Construction Co","Bhopal","O&M Circle Harda","O&M Division Harda South","Sirali Distribution Center","Bhopal","251183","Bare conductor to ab cable 63 kva forest wala","2026-03-19","2026-03-21",NULL,NULL,NULL,NULL
"K K Construction Co","Bhopal","O&M Circle Harda","O&M Division Harda South","Sirali Distribution Center","Bhopal","255221","Bare conductor to ab cable 25kva high school wala","2026-03-19","2026-03-21",NULL,NULL,NULL,NULL
"K K Construction Co","Bhopal","O&M Circle Harda","O&M Division Harda North","Masangaon D/C","Bhopal","264110","Aug.LT Cable 25 kva Hemantwala Barangi","2026-03-18","2026-03-28",NULL,NULL,NULL,NULL
"K K Construction Co","Bhopal","O&M Circle Harda","O&M Division Harda North","Khirkiya D/C","Bhopal","257158","LT AUGGUMTETION EIT BHATTA WALA 63 KVA 0144","2026-03-18","2026-03-29",NULL,NULL,NULL,NULL
"K K Construction Co","Bhopal","O&M Circle Harda","O&M Division Harda South","Kartana D/C","Bhopal","255048","lt survey gajraj wala ,shamshabad","2026-03-19","2026-03-25",NULL,NULL,NULL,NULL
"K K Construction Co","Bhopal","O&M Circle Harda","O&M Division Harda South","Timarni D/C","Bhopal","254722","lt cable survey bichhapur 63 kva","2026-03-18","2026-03-19",NULL,NULL,NULL,NULL
"K K Construction Co","Bhopal","O&M Circle Harda","O&M Division Harda South","Kartana D/C","Bhopal","254569","LT line survey DWARKA NEW LACHHORA","2026-03-18","2026-03-25",NULL,NULL,NULL,NULL
"K K Construction Co","Bhopal","O&M Circle Harda","O&M Division Harda North","Charuwa D/C","Bhopal","242038","LT BARE CONDUCTOR TO CABLE RAMTEK","2026-03-18",NULL,NULL,NULL,NULL,NULL
"K K Construction Co","Bhopal","O&M Circle Harda","O&M Division Harda South","Timarni D/C","Bhopal","243533","LT CONDUCTOR TO cable","2026-03-18","2026-03-20",NULL,NULL,NULL,NULL
"K K Construction Co","Bhopal","O&M Circle Harda","O&M Division Harda South","Timarni D/C","Bhopal","244151","INTERCONNECTION OF BAJANIA BAGWAD","2026-03-19","2026-03-20",NULL,NULL,NULL,NULL
"K K Construction Co","Bhopal","O&M Circle Harda","O&M Division Harda North","Harda South D/C","Bhopal","266256","LT augmentation work dhurgada","2026-03-18","2026-04-06",NULL,NULL,NULL,NULL
"M/s UNIVERSAL MEP PROJECTS & ENGINEERING SERVICES LIMITED","Gwalior","O&M Circle Ashoknagar","O&M Division Ashoknagar","Shadora DC","Gwalior","222194","Feeder Sepration : Bamorital feeder separation work","2025-09-30","2025-09-30","2025-09-30",NULL,"2025-09-30","2025-09-30"
"M/s UNIVERSAL MEP PROJECTS & ENGINEERING SERVICES LIMITED","Gwalior","O&M Circle Ashoknagar","O&M Division Ashoknagar","Naisarai DC","Gwalior","241630","11kv FS Barkheda Nai abadi","2025-10-01","2025-10-01","2025-10-01",NULL,"2025-10-01","2025-10-01"
"K K Construction Co","Bhopal","O&M Circle Harda","O&M Division Harda North","Charuwa D/C","Bhopal","212169","LT CABLE BEED","2026-03-18","2026-04-25",NULL,NULL,NULL,NULL
"K K Construction Co","Bhopal","O&M Circle Harda","O&M Division Harda South","Timarni D/C","Bhopal","68760","ADDITIONAL 100KVA KUWAR SINGH ANDHEIKHEDA","2025-07-15","2025-07-15","2025-11-04","2025-09-24","2025-11-04","2025-11-04"
"K K Construction Co","Bhopal","O&M Circle Harda","O&M Division Harda South","Sirali Distribution Center","Bhopal","229215","ADDITIONAL DTR FOR PUM SEPARATION","2025-07-15","2025-07-15","2025-11-10","2025-09-24","2025-11-13","2025-11-13"
"K K Construction Co","Bhopal","O&M Circle Harda","O&M Division Harda South","Timarni D/C","Bhopal","63950","additional nimacha 63kva school ke pass","2025-07-15","2025-07-15","2025-11-04","2025-09-24","2025-11-05","2025-11-05"
"K K Construction Co","Bhopal","O&M Circle Harda","O&M Division Harda South","Timarni D/C","Bhopal","241853","CABLE AUGUMENTATION 4544410180 BALAJI PURAM 1","2025-07-15","2025-07-15","2025-11-06","2025-09-24","2025-11-06","2025-11-06"
"K K Construction Co","Bhopal","O&M Circle Harda","O&M Division Harda North","Harda South D/C","Bhopal","255172","LT line augmentation rupiparetiya colony","2026-03-18","2026-04-06",NULL,NULL,NULL,NULL
"K K Construction Co","Bhopal","O&M Circle Harda","O&M Division Harda North","Harda North D/C","Bhopal","265859","Conversion of LT Line : MALPONE LT CABLE AUG TAPPAR WALA DTR","2026-03-18","2026-04-24",NULL,NULL,NULL,NULL
"K K Construction Co","Bhopal","O&M Circle Harda","O&M Division Harda North","Harda North D/C","Bhopal","265973","Conversion of LT Line : SIGON LT CABLE AUG PIPAL WALA DTR","2026-03-18","2026-04-24",NULL,NULL,NULL,NULL
"K K Construction Co","Bhopal","O&M Circle Harda","O&M Division Harda North","Harda South D/C","Bhopal","241533","Additional dtr at middle school rupiparetiya","2026-03-20","2026-04-24",NULL,NULL,NULL,NULL
"K K Construction Co","Bhopal","O&M Circle Harda","O&M Division Harda North","Harda South D/C","Bhopal","254215","LT augmentation work ranhaikala","2026-03-18","2026-04-06",NULL,NULL,NULL,NULL
"K K Construction Co","Bhopal","O&M Circle Harda","O&M Division Harda North","Harda North D/C","Bhopal","266257","Conversion of LT Line : ABGAONKHURD LT CABLE AUG CHOUK WALA DTR","2026-03-18","2026-04-24",NULL,NULL,NULL,NULL
"K K Construction Co","Bhopal","O&M Circle Harda","O&M Division Harda North","Harda South D/C","Bhopal","256340","LT line augmentation choti sukhras","2026-03-18","2026-04-06",NULL,NULL,NULL,NULL
"K K Construction Co","Bhopal","O&M Circle Harda","O&M Division Harda South","Timarni D/C","Bhopal","242372","cable augumentation 284 undrakach road sotada","2026-03-18","2026-03-20",NULL,NULL,NULL,NULL
"K K Construction Co","Bhopal","O&M Circle Harda","O&M Division Harda North","Khirkiya D/C","Bhopal","266984","Conversion of LT Line : LT Cable Augmentation Neemsarai 3 No DTR","2026-03-19","2026-03-28",NULL,NULL,NULL,NULL
"K K Construction Co","Bhopal","O&M Circle Harda","O&M Division Harda South","Timarni D/C","Bhopal","262797","cable agumentation kailash wala pokharni","2026-03-19","2026-03-19",NULL,NULL,NULL,NULL
"K K Construction Co","Bhopal","O&M Circle Harda","O&M Division Harda North","Charuwa D/C","Bhopal","242393","LT BARE CONDUCTOR TO CABLE GOPALPURA(204)","2026-03-18",NULL,NULL,NULL,NULL,NULL
"K K Construction Co","Bhopal","O&M Circle Harda","O&M Division Harda South","Kartana D/C","Bhopal","243376","lt cable agumentation work bandhu camp dtr kartana","2026-03-18","2026-03-25",NULL,NULL,NULL,NULL
"K K Construction Co","Bhopal","O&M Circle Harda","O&M Division Harda South","Timarni D/C","Bhopal","242374","cable augumentation 387 gaon andherikheda","2026-03-18","2026-03-20",NULL,NULL,NULL,NULL
"K K Construction Co","Bhopal","O&M Circle Harda","O&M Division Harda South","Rehatgaon D/C","Bhopal","256863","100 KVA FULDI GAON WALA CABLE CONVERSION","2026-03-18","2026-03-21",NULL,NULL,NULL,NULL
"K K Construction Co","Bhopal","O&M Circle Harda","O&M Division Harda North","Harda South D/C","Bhopal","242709","Additional DTR at near Bharat mata chouk palasner","2026-03-21","2026-04-06",NULL,NULL,NULL,NULL
"K K Construction Co","Bhopal","O&M Circle Harda","O&M Division Harda North","Harda South D/C","Bhopal","243100","Additional DTR at bhura Bhai ke pass bundra","2026-03-21","2026-04-06",NULL,NULL,NULL,NULL
"M/s UNIVERSAL MEP PROJECTS & ENGINEERING SERVICES LIMITED","Gwalior","O&M Circle Ashoknagar","O&M Division Ashoknagar","Eshagarh DC","Gwalior","60320","EXTENSION OF EXISTING 11K JAGANKHEDI MIX FEEDER","2026-04-16","2026-05-04",NULL,NULL,NULL,NULL
"K K Construction Co","Bhopal","O&M Circle Harda","O&M Division Harda North","Harda South D/C","Bhopal","243089","Additional DTR at near main road bundra","2026-03-19","2026-04-06",NULL,NULL,NULL,NULL
"K K Construction Co","Bhopal","O&M Circle Harda","O&M Division Harda North","Harda North D/C","Bhopal","212509","HANDIYA ADDISTIONAL DTR POLICE THANA","2026-03-19","2026-04-25",NULL,NULL,NULL,NULL
"K K Construction Co","Bhopal","O&M Circle Harda","O&M Division Harda South","Rehatgaon D/C","Bhopal","278467","100 KVA JHADWIDA GAON WALA DL ADDITIONAL","2026-03-19","2026-03-21",NULL,NULL,NULL,NULL
"K K Construction Co","Bhopal","O&M Circle Harda","O&M Division Harda North","Harda South D/C","Bhopal","242996","Additional DTR at rambabu ke ghar ke pass balagaon","2026-03-19","2026-03-29",NULL,NULL,NULL,NULL
"K K Construction Co","Bhopal","O&M Circle Harda","O&M Division Harda South","Timarni D/C","Bhopal","68840","ADDITIONAL 100KVA UPENDRA GADRE WALA BARJA","2026-03-19","2026-03-19",NULL,NULL,NULL,NULL
"K K Construction Co","Bhopal","O&M Circle Harda","O&M Division Harda South","Timarni D/C","Bhopal","68751","ADDITIONAL 100 KVA SANJU KIRAR BHADUGAON","2026-03-19","2026-03-19",NULL,NULL,NULL,NULL
"K K Construction Co","Bhopal","O&M Circle Harda","O&M Division Harda North","Harda South D/C","Bhopal","266253","Additional DTR at kharpa malviya ke ghar ke pass","2026-03-19","2026-04-06",NULL,NULL,NULL,NULL
"K K Construction Co","Bhopal","O&M Circle Harda","O&M Division Harda North","Charuwa D/C","Bhopal","219961","Additional Aaraiya","2026-03-20","2026-04-25",NULL,NULL,NULL,NULL
"K K Construction Co","Bhopal","O&M Circle Harda","O&M Division Harda North","Masangaon D/C","Bhopal","64320","ADDI DTR WITH NEW 11 KV LINE thakurmohlla barangi","2026-03-19","2026-03-28",NULL,NULL,NULL,NULL
"K K Construction Co","Bhopal","O&M Circle Harda","O&M Division Harda South","Kartana D/C","Bhopal","24817","LT Con. & Aug.","2026-03-18","2026-03-19",NULL,NULL,NULL,NULL
"M/s UNIVERSAL MEP PROJECTS & ENGINEERING SERVICES LIMITED","Gwalior","O&M Circle Ashoknagar","O&M Division Mungawli","Piprai DC","Gwalior","255413","Feeder Sepration : FS malawani semari DLF","2025-01-23","2025-07-15",NULL,NULL,NULL,NULL
"M/s UNIVERSAL MEP PROJECTS & ENGINEERING SERVICES LIMITED","Gwalior","O&M Circle Ashoknagar","O&M Division Mungawli","Bhadurpur DC","Gwalior","206768","Athaikheda gramin new 11Kv line","2025-09-30","2025-09-30","2025-09-30",NULL,"2025-09-30","2025-09-30"
"K K Construction Co","Bhopal","O&M Circle Harda","O&M Division Harda South","Sirali Distribution Center","Bhopal","252058","Bare conductor to ab cable 25kva chamar khedi wala","2025-07-15","2025-07-16","2025-11-04","2025-09-24","2025-11-05","2025-11-05"
"K K Construction Co","Bhopal","O&M Circle Harda","O&M Division Harda South","Timarni D/C","Bhopal","262787","cable agumentation gangavishan wala pokharni","2025-07-15","2025-07-16","2025-11-04","2025-09-24","2025-11-06","2025-11-06"
"K K Construction Co","Bhopal","O&M Circle Harda","O&M Division Harda South","Sirali Distribution Center","Bhopal","242166","Additional jin wala 200 kva","2025-07-15","2025-07-15","2025-11-10","2025-09-24","2025-11-13","2025-11-13"
"K K Construction Co","Bhopal","O&M Circle Harda","O&M Division Harda North","Harda South D/C","Bhopal","264484","LT augmentation work Kukrawat","2026-03-18","2026-04-06",NULL,NULL,NULL,NULL
"K K Construction Co","Bhopal","O&M Circle Harda","O&M Division Harda South","Rehatgaon D/C","Bhopal","263539","63 KVA BUS STAND WALA CABLE AUG.","2026-03-18","2026-03-21",NULL,NULL,NULL,NULL
"K K Construction Co","Bhopal","O&M Circle Harda","O&M Division Harda South","Sirali Distribution Center","Bhopal","250156","Bare conductor to ab cable 63 kva rampuri gaon wal","2026-03-19","2026-03-21",NULL,NULL,NULL,NULL
"K K Construction Co","Bhopal","O&M Circle Harda","O&M Division Harda North","Harda North D/C","Bhopal","200414","ABGAON KALA ADDITIONAL DTR RAMDEV BABA MANDIR","2026-03-21","2026-04-25",NULL,NULL,NULL,NULL
"K K Construction Co","Bhopal","O&M Circle Harda","O&M Division Harda North","Harda North D/C","Bhopal","210395","RELWA ADDISTIONAL DTR GOUR MOHLLA","2026-03-21",NULL,NULL,NULL,NULL,NULL
"K K Construction Co","Bhopal","O&M Circle Harda","O&M Division Harda North","Khirkiya D/C","Bhopal","228579","NEW ADDI KALDHAD ROAD 200 KVA","2026-03-19","2026-03-29",NULL,NULL,NULL,NULL
"K K Construction Co","Bhopal","O&M Circle Harda","O&M Division Harda North","Harda North D/C","Bhopal","218454","11 kv khedineema feeder","2026-03-20","2026-03-21",NULL,NULL,NULL,NULL
"K K Construction Co","Bhopal","O&M Circle Harda","O&M Division Harda North","Harda North D/C","Bhopal","203544","INTERCONNECTION DHANGAON JHALWA PUMP MUKESH PATEL","2026-03-20",NULL,NULL,NULL,NULL,NULL
"K K Construction Co","Bhopal","O&M Circle Harda","O&M Division Harda South","Sirali Distribution Center","Bhopal","240358","Additional dtr hc school 200 kva","2025-06-02","2025-06-06","2025-12-03","2025-08-07","2025-12-10","2025-12-10"
"M/s UNIVERSAL MEP PROJECTS & ENGINEERING SERVICES LIMITED","Gwalior","O&M Circle Morena","O&M Division Morena-II","Noorabad DC","Gwalior","48274","33/11 kv sub station kharagpur","2026-03-26","2026-03-28","2026-04-06","2026-03-29",NULL,NULL
"M/s UNIVERSAL MEP PROJECTS & ENGINEERING SERVICES LIMITED","Gwalior","O&M Circle Ashoknagar","O&M Division Mungawli","Piprai DC","Gwalior","230873","Feeder Separation: Feeder Sepration : FS 11 KV Malawani-semritanki DLF","2025-10-01","2025-10-01","2025-10-01","2026-03-25","2025-10-01","2025-10-01"
"M/s UNIVERSAL MEP PROJECTS & ENGINEERING SERVICES LIMITED","Gwalior","O&M Circle Ashoknagar","O&M Division Ashoknagar","Naisarai DC","Gwalior","241626","Feeder Sepration : 11 kv FS Rusalla Bujurg abadi","2025-10-01","2025-10-01","2025-10-01","2026-02-18","2025-10-01","2025-10-01"
"M/s UNIVERSAL MEP PROJECTS & ENGINEERING SERVICES LIMITED","Gwalior","O&M Circle Sheopur","O&M Division Sheopur North","Dhoti DC","Gwalior","46434","Tapping of 33 kv Dhonti FDR for Pachipura ss","2025-03-11","2025-09-02","2025-09-04","2025-09-03","2025-09-04","2025-09-04"
"M/s UNIVERSAL MEP PROJECTS & ENGINEERING SERVICES LIMITED","Gwalior","O&M Circle Sheopur","O&M Division Sheopur South","Baroda DC","Gwalior","48517","33 kv hirnikheda line and 11 kv hirnikheda pump","2025-03-11","2025-03-21","2025-06-18","2025-06-11","2025-06-18","2025-06-20"
"M/s UNIVERSAL MEP PROJECTS & ENGINEERING SERVICES LIMITED","Gwalior","O&M Circle Sheopur","O&M Division Sheopur South","Baroda DC","Gwalior","65023","verdha bhukari abadi 1","2025-06-18","2025-06-18","2025-06-18","2025-06-11","2025-06-18","2025-06-20"
"K K Construction Co","Bhopal","O&M Circle Harda","O&M Division Harda North","Harda South D/C","Bhopal","265603","Interconnection kotlyakhedi to Bhatparetiya","2025-09-06","2025-09-07","2025-11-10","2025-09-23","2025-11-13","2025-11-13"
"K K Construction Co","Bhopal","O&M Circle Harda","O&M Division Harda North","Khirkiya D/C","Bhopal","241227","New Addi Sambhu Beragi Dtr 63KVA","2025-09-06","2025-09-07","2025-11-10","2025-09-25","2025-11-13","2025-11-13"
"K K Construction Co","Bhopal","O&M Circle Harda","O&M Division Harda South","Rehatgaon D/C","Bhopal","243894","100 KVA BANK VALA DLF TEMAGAON ADDITIONAL","2025-09-06","2025-09-07",NULL,"2026-03-12",NULL,NULL
"K K Construction Co","Bhopal","O&M Circle Harda","O&M Division Harda North","Charuwa D/C","Bhopal","210913","ADDITIONAL RUNJHUN WALA","2025-09-06","2025-09-07",NULL,NULL,NULL,NULL
"K K Construction Co","Bhopal","O&M Circle Harda","O&M Division Harda North","Harda South D/C","Bhopal","218555","Interconnection bhamaner pump2","2025-09-06","2025-09-07","2025-11-10","2025-09-23","2025-11-13","2025-11-13"
"K K Construction Co","Bhopal","O&M Circle Harda","O&M Division Harda North","Harda South D/C","Bhopal","242785","Additional DTR at afjal Bhai ke pass birjakhedi","2025-09-06","2025-09-07","2025-11-10","2025-09-23","2025-11-13","2025-11-13"
"K K Construction Co","Bhopal","O&M Circle Harda","O&M Division Harda North","Harda North D/C","Bhopal","210319","RELWA ADDISTIONAL DTR BAJRANG MANDIR","2026-03-21",NULL,NULL,NULL,NULL,NULL
"K K Construction Co","Bhopal","O&M Circle Harda","O&M Division Harda South","Sirali Distribution Center","Bhopal","250482","Bare low cable to high cable 63kva sun shine schoo","2025-05-18","2025-05-18","2025-12-08","2025-09-24","2025-12-10","2025-12-10"
"K K Construction Co","Bhopal","O&M Circle Harda","O&M Division Harda South","Sirali Distribution Center","Bhopal","255285","Cable aug.low to high 63kva balvir patel wala","2025-05-18","2025-05-18","2025-12-08","2025-09-24","2025-12-10","2025-12-10"
"K K Construction Co","Bhopal","O&M Circle Harda","O&M Division Harda South","Timarni D/C","Bhopal","219545","11KV CHOKDI AG FFEDER","2026-03-20","2026-03-21",NULL,NULL,NULL,NULL
"K K Construction Co","Bhopal","O&M Circle Harda","O&M Division Harda North","Khirkiya D/C","Bhopal","265488","Conversion of LT Line : LT Cable Augmentation Dholgaon kala all DTR","2026-03-18","2026-03-28",NULL,NULL,NULL,NULL
"K K Construction Co","Bhopal","O&M Circle Harda","O&M Division Harda South","Sirali Distribution Center","Bhopal","241957","Additional rathore wala 100 kva","2025-07-15","2025-07-16","2025-11-10","2025-09-24","2025-11-13","2025-11-13"
"K K Construction Co","Bhopal","O&M Circle Harda","O&M Division Harda South","Sirali Distribution Center","Bhopal","243185","Additional Rakesh bhayre wala 63 kva","2025-05-18","2025-05-18","2025-12-03","2025-09-24","2025-12-10","2025-12-10"
"K K Construction Co","Bhopal","O&M Circle Harda","O&M Division Harda South","Sirali Distribution Center","Bhopal","243386","Additional jaam badi wala 63 kva","2025-05-18","2025-05-18","2025-12-03","2025-09-24","2025-12-10","2025-12-10"
"K K Construction Co","Bhopal","O&M Circle Harda","O&M Division Harda South","Sirali Distribution Center","Bhopal","254638","Cable aug.low to high 100kva talab wala jinvaniya","2025-05-18","2025-05-18","2025-12-08","2025-09-24","2025-12-10","2025-12-10"
"K K Construction Co","Bhopal","O&M Circle Harda","O&M Division Harda South","Sirali Distribution Center","Bhopal","254380","Bare conductor to Ab cable 25 kva ramnivas wala lo","2025-07-15","2025-07-16","2025-11-04","2025-09-24","2025-11-05","2025-11-05"
"K K Construction Co","Bhopal","O&M Circle Harda","O&M Division Harda South","Timarni D/C","Bhopal","64044","additional 100kva jeevan wala dholpur","2025-06-02","2025-06-06","2025-12-08","2025-09-24","2025-12-10","2025-12-10"
"K K Construction Co","Bhopal","O&M Circle Harda","O&M Division Harda South","Timarni D/C","Bhopal","68764","ADDITIONAL 63KVA TOWER KE PASS BHADUGAON","2025-07-15","2025-07-15","2025-11-04","2025-09-24","2025-11-05","2025-11-05"
"M/s UNIVERSAL MEP PROJECTS & ENGINEERING SERVICES LIMITED","Gwalior","O&M Circle Ashoknagar","O&M Division Ashoknagar","Eshagarh DC","Gwalior","62551","Feeder Sepration : FEEDER SEP.OF 11 KADWAYA MIX FEEDER","2025-10-01","2025-10-01","2025-10-01","2026-03-13","2025-10-01","2025-10-01"
"M/s UNIVERSAL MEP PROJECTS & ENGINEERING SERVICES LIMITED","Gwalior","O&M Circle Ashoknagar","O&M Division Ashoknagar","Naisarai DC","Gwalior","241627","11 kv FS Depalkhedi abadi","2025-10-01","2025-10-01","2025-10-01",NULL,"2025-10-01","2025-10-01"
"M/s UNIVERSAL MEP PROJECTS & ENGINEERING SERVICES LIMITED","Gwalior","O&M Circle Ashoknagar","O&M Division Ashoknagar","Awari DC","Gwalior","210076","Feeder Sepration : 11 kv sirsi mix feeder separation","2025-10-01","2025-10-01","2025-10-01",NULL,"2025-10-01","2025-10-01"
"K K Construction Co","Bhopal","O&M Circle Harda","O&M Division Harda South","Rehatgaon D/C","Bhopal","63689","100 KVA GAON WALA FULDI ADDITIONAL","2025-05-18","2025-05-18","2026-03-10","2026-03-09","2026-03-15","2026-03-15"
"M/s UNIVERSAL MEP PROJECTS & ENGINEERING SERVICES LIMITED","Gwalior","O&M Circle Ashoknagar","O&M Division Ashoknagar","Naisarai DC","Gwalior","241629","11kv FS Madhi abadi","2025-09-02","2025-09-02","2026-02-14","2026-02-14","2026-02-24","2026-02-24"
"M/s UNIVERSAL MEP PROJECTS & ENGINEERING SERVICES LIMITED","Gwalior","O&M Circle Sheopur","O&M Division Sheopur South","Sheopur R DC","Gwalior","231629","existing for 33 kv line paliroad line salapura s/s","2025-09-01","2025-09-02","2025-09-04","2025-09-03","2025-09-04","2025-09-04"
"K K Construction Co","Bhopal","O&M Circle Harda","O&M Division Harda North","Charuwa D/C","Bhopal","241486","Additional DTR DEEPGAON 2","2025-09-06","2025-09-07",NULL,NULL,NULL,NULL
"K K Construction Co","Bhopal","O&M Circle Harda","O&M Division Harda South","Timarni D/C","Bhopal","68768","ADDITIONAL 63KVA SCHOOL KE PASS COLONY BHADUGAON","2025-09-06","2025-09-07","2025-11-04","2025-09-24","2025-11-05","2025-11-05"
"K K Construction Co","Bhopal","O&M Circle Harda","O&M Division Harda North","Charuwa D/C","Bhopal","212177","LT KADOLA SARAI","2025-09-06","2025-09-07",NULL,NULL,NULL,NULL
"K K Construction Co","Bhopal","O&M Circle Harda","O&M Division Harda South","Timarni D/C","Bhopal","248879","CABLE AUGUMENTATION RADHESYAM DADA PIPLYA MAFI","2025-09-06","2025-09-07","2025-11-04","2025-09-24","2025-11-06","2025-11-06"
"K K Construction Co","Bhopal","O&M Circle Harda","O&M Division Harda South","Kartana D/C","Bhopal","261947","lt survey 16 wala ray sing gadadi","2025-05-17","2025-05-17","2025-12-08","2025-11-05","2025-12-10","2025-12-10"
"K K Construction Co","Bhopal","O&M Circle Harda","O&M Division Harda South","Kartana D/C","Bhopal","262919","lt aug bhagat nayagaon","2025-05-17","2025-05-17","2025-12-08","2025-11-05","2025-12-10","2025-12-10"
"K K Construction Co","Bhopal","O&M Circle Harda","O&M Division Harda South","Kartana D/C","Bhopal","262757","lt aug survey next to jagdish nayagaon","2025-05-17","2025-05-17","2025-12-08","2025-11-05","2025-12-10","2025-12-10"
"K K Construction Co","Bhopal","O&M Circle Harda","O&M Division Harda South","Kartana D/C","Bhopal","262698","lt augumentation naygaon jagdish wala","2025-05-17","2025-05-17","2025-12-08","2025-11-05","2025-12-10","2025-12-10"
"K K Construction Co","Bhopal","O&M Circle Harda","O&M Division Harda South","Rehatgaon D/C","Bhopal","241275","100 KVA NAHAR WALA 4544360309 SODALPUR ADDITIONAL","2025-05-18","2025-05-18","2026-03-10","2026-03-09","2026-03-15","2026-03-15"
"K K Construction Co","Bhopal","O&M Circle Harda","O&M Division Harda South","Sirali Distribution Center","Bhopal","243489","Additional pandit wala wala 63 kva","2025-05-18","2025-05-18","2025-12-03","2025-09-24","2025-12-10","2025-12-10"
"K K Construction Co","Bhopal","O&M Circle Harda","O&M Division Harda South","Rehatgaon D/C","Bhopal","241852","100 KVA NAJARPURA GAON WALA ADDITIONAL","2025-05-18","2025-05-18","2026-03-10","2026-03-09","2026-03-15","2026-03-15"
"K K Construction Co","Bhopal","O&M Circle Harda","O&M Division Harda South","Sirali Distribution Center","Bhopal","241774","additional dtr Rakesh rathore wala 100 kva","2026-03-19","2026-03-19",NULL,NULL,NULL,NULL
"K K Construction Co","Bhopal","O&M Circle Harda","O&M Division Harda South","Sirali Distribution Center","Bhopal","243957","additional dtr Lalu Kushwah wala 63 kva","2025-05-18","2025-05-18","2025-12-03","2025-09-24","2025-12-10","2025-12-10"
"K K Construction Co","Bhopal","O&M Circle Harda","O&M Division Harda South","Sirali Distribution Center","Bhopal","255181","Cable aug.low to high 25kva forest office ke samne","2025-07-15","2025-07-16","2025-11-04","2025-09-24","2025-11-05","2025-11-05"
"K K Construction Co","Bhopal","O&M Circle Harda","O&M Division Harda South","Sirali Distribution Center","Bhopal","255292","Bare conductor to ab cable 25kva makadai road wala","2025-07-15","2025-07-16","2025-11-04","2025-09-24","2025-11-05","2025-11-05"
"K K Construction Co","Bhopal","O&M Circle Harda","O&M Division Harda South","Sirali Distribution Center","Bhopal","243042","Additional kailash kajve wala 100 kva","2025-05-18","2025-05-18",NULL,"2026-03-12",NULL,NULL
"K K Construction Co","Bhopal","O&M Circle Harda","O&M Division Harda South","Rehatgaon D/C","Bhopal","262792","25 KVA MORYA WALA CABLE AUG.","2025-05-18","2025-05-18","2026-03-10","2026-03-09","2026-03-15","2026-03-15"
"K K Construction Co","Bhopal","O&M Circle Harda","O&M Division Harda South","Sirali Distribution Center","Bhopal","67959","Machak nahar feeder","2025-07-15","2025-07-15","2025-11-03","2025-09-24","2025-11-04","2025-11-04"
"K K Construction Co","Bhopal","O&M Circle Harda","O&M Division Harda South","Sirali Distribution Center","Bhopal","265919","aug. low cable to high 63 kva gaon jatrakedi wala","2025-07-15","2025-07-16","2025-11-04","2025-09-24","2025-11-05","2025-11-05"
"K K Construction Co","Bhopal","O&M Circle Harda","O&M Division Harda South","Rehatgaon D/C","Bhopal","63668","100 KVA GAON WALA ALAMPUR ADDITIONAL","2025-09-06","2025-09-07",NULL,"2026-03-12",NULL,NULL
"K K Construction Co","Bhopal","O&M Circle Harda","O&M Division Harda South","Kartana D/C","Bhopal","264173","Additional bhagwan wala dtr","2025-05-17","2025-05-17",NULL,NULL,NULL,NULL
"K K Construction Co","Bhopal","O&M Circle Harda","O&M Division Harda South","Kartana D/C","Bhopal","227308","Additional 63 kva dtr rajkumar la ke ghar ke pas","2025-05-17","2025-05-17","2025-12-08","2025-11-05","2025-12-10","2025-12-10"
"K K Construction Co","Bhopal","O&M Circle Harda","O&M Division Harda South","Timarni D/C","Bhopal","246197","Cable augmentation samrdha road barja","2025-07-15","2025-07-16","2025-11-04","2025-09-24","2025-11-06","2025-11-06"
"K K Construction Co","Bhopal","O&M Circle Harda","O&M Division Harda South","Rehatgaon D/C","Bhopal","263794","25 KVA SHIV MANDIR DHANPADA CONDUCTER TO CABLE","2025-05-18","2025-05-18","2026-03-10","2026-03-09","2026-03-15","2026-03-15"
"K K Construction Co","Bhopal","O&M Circle Harda","O&M Division Harda South","Sirali Distribution Center","Bhopal","253650","Bare low cable to high cable 25 kva deepgaon khurd","2025-05-18","2025-05-18",NULL,"2026-03-12",NULL,NULL
"K K Construction Co","Bhopal","O&M Circle Harda","O&M Division Harda South","Timarni D/C","Bhopal","241892","CABLE AUGUMENTATION 273 AWAS PIPLYA","2025-09-06","2025-09-07","2025-11-04","2025-09-24","2025-11-06","2025-11-06"
"K K Construction Co","Bhopal","O&M Circle Harda","O&M Division Harda South","Rehatgaon D/C","Bhopal","241266","200 KVA BAZAR WALA ADDITIONAL DTR","2025-05-18","2025-05-18","2026-03-10","2026-03-09","2026-03-15","2026-03-15"
"K K Construction Co","Bhopal","O&M Circle Harda","O&M Division Harda South","Rehatgaon D/C","Bhopal","249295","100 KVA BALU PATEL JHADWIDA ADDITIONAL","2025-05-18","2025-05-18","2026-03-10","2026-03-09","2026-03-15","2026-03-15"
"K K Construction Co","Bhopal","O&M Circle Harda","O&M Division Harda South","Rehatgaon D/C","Bhopal","263789","Conversion of LT Line : 100 KVA NAJARPURA GAON WALA CABLE AUG.","2025-05-18","2025-05-18","2026-03-10","2026-03-09","2026-03-15","2026-03-15"
"K K Construction Co","Bhopal","O&M Circle Harda","O&M Division Harda South","Timarni D/C","Bhopal","241873","CABLE AUGUMENTATION 4544410262 BHYALI GAON","2025-06-02","2025-06-06","2025-12-05","2025-09-24","2025-12-10","2025-12-10"
"K K Construction Co","Bhopal","O&M Circle Harda","O&M Division Harda South","Timarni D/C","Bhopal","62669","100kva tawa colony additional dtr","2025-06-02","2025-06-06","2025-12-08","2025-09-24","2025-12-10","2025-12-10"
"K K Construction Co","Bhopal","O&M Circle Harda","O&M Division Harda South","Kartana D/C","Bhopal","261938","lt survey godadi gujjar wali","2025-05-17","2025-05-17","2025-12-08","2025-11-05","2025-12-10","2025-12-10"
"K K Construction Co","Bhopal","O&M Circle Harda","O&M Division Harda South","Sirali Distribution Center","Bhopal","253578","Bare low cable to high cable 63 kva bheru chowki w","2025-05-18","2025-05-18","2025-12-08","2025-09-24","2025-12-10","2025-12-10"
"K K Construction Co","Bhopal","O&M Circle Harda","O&M Division Harda South","Timarni D/C","Bhopal","64037","additional 100kva parsai dholpur","2025-06-02","2025-06-06","2025-12-08","2025-09-24","2025-12-10","2025-12-10"
"K K Construction Co","Bhopal","O&M Circle Harda","O&M Division Harda South","Kartana D/C","Bhopal","244375","Lt line work aryabedi","2025-05-17","2025-05-17","2025-12-08","2025-11-05","2025-12-10","2025-12-10"
"K K Construction Co","Bhopal","O&M Circle Harda","O&M Division Harda South","Timarni D/C","Bhopal","64023","additional 100kva talab dholpur","2025-06-02","2025-06-06","2025-12-08","2025-09-24","2025-12-10","2025-12-10"
"K K Construction Co","Bhopal","O&M Circle Harda","O&M Division Harda South","Timarni D/C","Bhopal","68737","ADDITIONAL 100KVA SCHOOL WALA UNDRAKACH","2025-06-02","2025-06-06","2025-12-08","2025-09-24","2025-12-10","2025-12-10"
"K K Construction Co","Bhopal","O&M Circle Harda","O&M Division Harda South","Rehatgaon D/C","Bhopal","265472","Conversion of LT Line : 100 KVA GAON WALA PANTALAI CABLE AUG.","2025-05-18","2025-05-18","2026-03-10","2026-03-09","2026-03-15","2026-03-15"
"K K Construction Co","Bhopal","O&M Circle Harda","O&M Division Harda South","Rehatgaon D/C","Bhopal","265321","Conversion of LT Line : 25 KVA BHILGAON WALA CABLE AUG.","2025-05-18","2025-05-18","2026-03-10","2026-03-09","2026-03-15","2026-03-15"
"K K Construction Co","Bhopal","O&M Circle Harda","O&M Division Harda South","Timarni D/C","Bhopal","241854","CABLE AUGUMENTATION 4544410181 BALAJI PURAM 2","2025-06-02","2025-06-06","2025-12-05","2025-09-24","2025-12-10","2025-12-10"
"K K Construction Co","Bhopal","O&M Circle Harda","O&M Division Harda South","Kartana D/C","Bhopal","262452","LT augu godadi dhanraj wala","2025-05-17","2025-05-17","2025-12-08","2025-11-05","2025-12-10","2025-12-10"
"K K Construction Co","Bhopal","O&M Circle Harda","O&M Division Harda South","Kartana D/C","Bhopal","262462","Lt augu moolchand godadi","2025-05-17","2025-05-17","2025-12-08","2025-11-05","2025-12-10","2025-12-10"
"K K Construction Co","Bhopal","O&M Circle Harda","O&M Division Harda South","Timarni D/C","Bhopal","64164","SEPRATE 63KVA SALAK CHAI WALA","2025-06-02","2025-06-06","2025-12-08","2025-09-24","2025-12-10","2025-12-10"
"K K Construction Co","Bhopal","O&M Circle Harda","O&M Division Harda South","Timarni D/C","Bhopal","64148","additional 200kva bypass road timarni","2025-06-02","2025-06-06","2025-12-08","2025-09-24","2025-12-10","2025-12-10"
"K K Construction Co","Bhopal","O&M Circle Harda","O&M Division Harda South","Timarni D/C","Bhopal","68835","ADDITINAL 100KVA GAON WALA SAMRDHA","2025-07-15","2025-07-15","2025-11-04","2025-09-24","2025-11-05","2025-11-05"
"K K Construction Co","Bhopal","O&M Circle Harda","O&M Division Harda South","Sirali Distribution Center","Bhopal","256659","Bare conductor to ab cable 25 kva school wala khut","2025-07-15","2025-07-16","2025-11-04","2025-09-24","2025-11-05","2025-11-05"
"K K Construction Co","Bhopal","O&M Circle Harda","O&M Division Harda South","Timarni D/C","Bhopal","262976","200 KVA BHERU BABA WALA ADDITIONAL","2025-07-15","2025-07-16","2026-03-10","2026-03-09","2026-03-15","2026-03-15"
"K K Construction Co","Bhopal","O&M Circle Harda","O&M Division Harda South","Timarni D/C","Bhopal","243202","Cable augmentation trikan baba wala","2025-07-15","2025-07-16","2025-11-04","2025-09-24","2025-11-06","2025-11-06"
"K K Construction Co","Bhopal","O&M Circle Harda","O&M Division Harda South","Timarni D/C","Bhopal","243754","100 KVA NADI WALA SODALPUR ADDITIONAL","2025-07-15","2025-07-16","2026-03-10","2026-03-09","2026-03-15","2026-03-15"
"K K Construction Co","Bhopal","O&M Circle Harda","O&M Division Harda South","Timarni D/C","Bhopal","241900","CABLE AUGUMENTATION 269 IMLI SMARDHA","2025-07-15","2025-07-16","2025-11-04","2025-09-24","2025-11-06","2025-11-06"
"K K Construction Co","Bhopal","O&M Circle Harda","O&M Division Harda South","Timarni D/C","Bhopal","246177","CABLE AUGUMENTATION HANDPUMP WALA SOHAGPUR","2025-07-15","2025-07-16","2025-11-04","2025-09-24","2025-11-06","2025-11-06"
"K K Construction Co","Bhopal","O&M Circle Harda","O&M Division Harda South","Timarni D/C","Bhopal","262802","cable agumentation juggi wala pokharni","2025-07-15","2025-07-16","2025-11-03","2025-09-24","2025-11-04","2025-11-04"
"K K Construction Co","Bhopal","O&M Circle Harda","O&M Division Harda South","Timarni D/C","Bhopal","241860","CABLE AUGUMENTATION 4544410053 SANJAY TAKIS","2025-07-15","2025-07-15","2025-11-04","2025-09-24","2025-11-04","2025-11-04"
"K K Construction Co","Bhopal","O&M Circle Harda","O&M Division Harda South","Sirali Distribution Center","Bhopal","243102","Additional Dinesh sonar wala 63 kva","2025-05-18","2025-05-18","2025-12-03","2025-09-24","2025-12-10","2025-12-10"
"K K Construction Co","Bhopal","O&M Circle Harda","O&M Division Harda South","Sirali Distribution Center","Bhopal","254822","Cable aug.low to high 16 kva manjale sahab wala ji","2025-05-18","2025-05-18","2025-12-08","2025-09-24","2025-12-10","2025-12-10"
"K K Construction Co","Bhopal","O&M Circle Harda","O&M Division Harda South","Sirali Distribution Center","Bhopal","242691","Additional premnarayan kushwah wala 100 kva","2025-05-18","2025-05-18","2025-12-03","2025-09-24","2025-12-10","2025-12-10"
"K K Construction Co","Bhopal","O&M Circle Harda","O&M Division Harda South","Sirali Distribution Center","Bhopal","241643","additional dtr magulle wala wala 100 kva","2025-05-18","2025-05-18","2025-12-05","2025-09-24","2025-12-10","2025-12-10"
"K K Construction Co","Bhopal","O&M Circle Harda","O&M Division Harda South","Sirali Distribution Center","Bhopal","252873","Bare conductor to ab cable 25kva burana wala","2025-05-18","2025-05-18","2025-12-08","2025-09-24","2025-12-10","2025-12-10"
"K K Construction Co","Bhopal","O&M Circle Harda","O&M Division Harda South","Sirali Distribution Center","Bhopal","254211","Bare conductor replace by Ab cable 16kva bus stand","2025-05-18","2025-05-18","2025-12-08","2025-09-24","2025-12-10","2025-12-10"
"K K Construction Co","Bhopal","O&M Circle Harda","O&M Division Harda South","Sirali Distribution Center","Bhopal","253329","Bare conductor to ab cable 63 kva indra colony bal","2025-05-18","2025-05-18","2025-12-08","2025-09-24","2025-12-10","2025-12-10"
"K K Construction Co","Bhopal","O&M Circle Harda","O&M Division Harda South","Sirali Distribution Center","Bhopal","254123","bare condutor to ab cable 25 kva jinvaniya road wa","2025-05-18","2025-05-18","2025-12-08","2025-09-24","2025-12-10","2025-12-10"
"K K Construction Co","Bhopal","O&M Circle Harda","O&M Division Harda South","Sirali Distribution Center","Bhopal","243579","Additional Sanjay rajput wala 63 kva","2025-05-18","2025-05-18","2025-12-03","2025-09-24","2025-12-10","2025-12-10"
"K K Construction Co","Bhopal","O&M Circle Harda","O&M Division Harda South","Rehatgaon D/C","Bhopal","262674","100 KVA THANA ROAD CABLE CONVERSION","2025-09-06","2025-09-07",NULL,"2026-03-12",NULL,NULL
"K K Construction Co","Bhopal","O&M Circle Harda","O&M Division Harda North","Khirkiya D/C","Bhopal","256643","LT Cable Augmentation School ke pass 2No 0144","2025-09-06","2025-09-07","2025-11-10","2025-09-25","2025-11-13","2025-11-13"
"K K Construction Co","Bhopal","O&M Circle Harda","O&M Division Harda South","Sirali Distribution Center","Bhopal","255515","Bare conductor to ab cable 25kva basti wala","2025-05-18","2025-05-18","2025-12-08","2025-09-24","2025-12-10","2025-12-10"
"K K Construction Co","Bhopal","O&M Circle Harda","O&M Division Harda South","Sirali Distribution Center","Bhopal","243171","Additional Santosh meena wala 63 kva","2025-05-18","2025-05-18","2025-12-03","2025-09-24","2025-12-10","2025-12-10"
"K K Construction Co","Bhopal","O&M Circle Harda","O&M Division Harda South","Sirali Distribution Center","Bhopal","243395","additional dtr Sunil ke pas wala 63 kva","2025-05-18","2025-05-18","2025-12-03","2025-09-24","2025-12-10","2025-12-10"
"K K Construction Co","Bhopal","O&M Circle Harda","O&M Division Harda South","Sirali Distribution Center","Bhopal","242606","Additional kushwah mohalla wala 63 kva","2025-05-18","2025-05-18","2025-12-05","2025-09-24","2025-12-10","2025-12-10"
"K K Construction Co","Bhopal","O&M Circle Harda","O&M Division Harda South","Sirali Distribution Center","Bhopal","242717","additional dtr bandu patel wala 63 kva","2025-05-18","2025-05-18","2025-12-05","2025-09-24","2025-12-10","2025-12-10"
"K K Construction Co","Bhopal","O&M Circle Harda","O&M Division Harda South","Sirali Distribution Center","Bhopal","243182","Additional Hradayram gour wala 63 kva","2025-05-18","2025-05-18","2025-12-03","2025-09-24","2025-12-10","2025-12-10"
"K K Construction Co","Bhopal","O&M Circle Harda","O&M Division Harda South","Sirali Distribution Center","Bhopal","254214","Bare conductor replace by Ab cablle 63 kva harijan","2025-05-18","2025-05-18","2025-12-08","2025-09-24","2025-12-10","2025-12-10"
"K K Construction Co","Bhopal","O&M Circle Harda","O&M Division Harda South","Sirali Distribution Center","Bhopal","253087","Bare conductor replace by Ab cable 63 kva mandi wa","2025-07-15","2025-07-16","2025-11-04","2025-09-24","2025-11-05","2025-11-05"
"K K Construction Co","Bhopal","O&M Circle Harda","O&M Division Harda South","Sirali Distribution Center","Bhopal","256552","Bare conductor to ab cable 63 kva school jamuko wa","2025-07-15","2025-07-16","2025-11-04","2025-09-24","2025-11-05","2025-11-05"
"K K Construction Co","Bhopal","O&M Circle Harda","O&M Division Harda South","Sirali Distribution Center","Bhopal","254476","Bare low cable to high cable 63 kva rajput chatra","2025-09-06","2025-09-07","2025-11-04","2025-09-24","2025-11-04","2025-11-04"
"K K Construction Co","Bhopal","O&M Circle Harda","O&M Division Harda South","Sirali Distribution Center","Bhopal","254310","Bare conductor replace by Ab cable 63 kva sirali r","2025-07-15","2025-07-16","2025-11-04","2025-09-24","2025-11-05","2025-11-05"
"K K Construction Co","Bhopal","O&M Circle Harda","O&M Division Harda South","Sirali Distribution Center","Bhopal","254659","Cable aug.low to high 25kva ti ti nagar wala","2025-07-15","2025-07-16","2025-11-04","2025-09-24","2025-11-05","2025-11-05"
"K K Construction Co","Bhopal","O&M Circle Harda","O&M Division Harda South","Sirali Distribution Center","Bhopal","243091","Additional sagon wala 100 kva","2025-07-15","2025-07-16","2025-11-03","2025-09-24","2025-11-04","2025-11-04"
"K K Construction Co","Bhopal","O&M Circle Harda","O&M Division Harda South","Sirali Distribution Center","Bhopal","254130","cable aug. low to high cable 100 kva goan wala reh","2025-07-15","2025-07-16","2025-11-04","2025-09-24","2025-11-05","2025-11-05"
"K K Construction Co","Bhopal","O&M Circle Harda","O&M Division Harda South","Kartana D/C","Bhopal","261942","lt survey lakhan godadi","2025-05-17","2025-05-17","2025-12-08","2025-11-05","2025-12-10","2025-12-10"
"K K Construction Co","Bhopal","O&M Circle Harda","O&M Division Harda South","Sirali Distribution Center","Bhopal","244012","additional dtr Ramdas gour wala 63 kva","2025-05-18","2025-05-18","2025-12-03","2025-09-24","2025-12-10","2025-12-10"
"K K Construction Co","Bhopal","O&M Circle Harda","O&M Division Harda South","Sirali Distribution Center","Bhopal","242969","Additional gajanand mandir wala road 63 kva","2025-05-18","2025-05-18","2025-12-03","2025-09-24","2025-12-10","2025-12-10"
"K K Construction Co","Bhopal","O&M Circle Harda","O&M Division Harda South","Kartana D/C","Bhopal","231772","Add, 63 kva lakhakhedi prem chakki ke pass","2025-05-17","2025-05-17","2025-12-08","2025-11-05","2025-12-10","2025-12-10"
"K K Construction Co","Bhopal","O&M Circle Harda","O&M Division Harda South","Kartana D/C","Bhopal","227278","63 kva additional dtr bhukar market kartana","2025-05-17","2025-05-17","2025-12-08","2025-11-05","2025-12-10","2025-12-10"
"K K Construction Co","Bhopal","O&M Circle Harda","O&M Division Harda South","Kartana D/C","Bhopal","262866","LT cabel aug nanhulal naygaon","2025-05-17","2025-05-17","2025-12-08","2025-11-05","2025-12-10","2025-12-10"
"K K Construction Co","Bhopal","O&M Circle Harda","O&M Division Harda South","Kartana D/C","Bhopal","262987","LT SURVEY DINESH WALA NAYAGAON","2025-05-17","2025-05-17","2025-12-08","2025-11-05","2025-12-10","2025-12-10"
"K K Construction Co","Bhopal","O&M Circle Harda","O&M Division Harda South","Kartana D/C","Bhopal","263758","lt cable augu nayagaon ramprasad wala","2025-05-17","2025-05-17","2025-12-08","2025-11-05","2025-12-10","2025-12-10"
"K K Construction Co","Bhopal","O&M Circle Harda","O&M Division Harda South","Sirali Distribution Center","Bhopal","254663","Cable aug.low to high 25kva society wala gahal","2025-05-18","2025-05-18","2025-12-08","2025-09-24","2025-12-10","2025-12-10"
"K K Construction Co","Bhopal","O&M Circle Harda","O&M Division Harda South","Sirali Distribution Center","Bhopal","255016","Survey for New LT line 100kva ramgopal wala","2025-07-15","2025-07-16","2025-11-04","2025-09-24","2025-11-04","2025-11-04"
"K K Construction Co","Bhopal","O&M Circle Harda","O&M Division Harda South","Kartana D/C","Bhopal","278334","11 KV CONVERSION OF 70754-Gadamod PUMP","2025-05-02","2025-05-02","2025-12-05","2025-05-03","2025-12-10","2025-12-10"
"K K Construction Co","Bhopal","O&M Circle Harda","O&M Division Harda South","Rehatgaon D/C","Bhopal","282341","100 KVA DOBDA WALA JHIRIKHEDA ADDITIONAL","2025-05-18","2025-05-18","2026-03-10","2026-03-09","2026-03-15","2026-03-15"
"K K Construction Co","Bhopal","O&M Circle Harda","O&M Division Harda South","Rehatgaon D/C","Bhopal","265145","Conversion of LT Line : 25 KVA CHHIRPURA ROAD WALA NAJARPURA CABLE AUG","2025-05-18","2025-05-18","2026-03-10","2026-03-09","2026-03-15","2026-03-15"
"K K Construction Co","Bhopal","O&M Circle Harda","O&M Division Harda South","Rehatgaon D/C","Bhopal","262937","Conversion of LT Line : USHKALLI VILLAGE CABLE AUG.","2025-05-18","2025-05-18","2026-03-10","2026-03-09","2026-03-15","2026-03-15"
"K K Construction Co","Bhopal","O&M Circle Harda","O&M Division Harda South","Rehatgaon D/C","Bhopal","262779","Conversion of LT Line : 25 KVA NIMYAGAON DHANA WALA CABLE CONVERSION","2025-05-18","2025-05-18","2026-03-10","2026-03-09","2026-03-15","2026-03-15"
"K K Construction Co","Bhopal","O&M Circle Harda","O&M Division Harda South","Rehatgaon D/C","Bhopal","278836","100 KVA DINU CHACHA WALA USHKALLI ADDITIONAL","2025-05-18","2025-05-18","2026-03-10","2026-03-09","2026-03-15","2026-03-15"
"K K Construction Co","Bhopal","O&M Circle Harda","O&M Division Harda South","Rehatgaon D/C","Bhopal","257671","25 KVA AVDESH WALA CONDUCTER AUG.","2025-05-18","2025-05-18","2026-03-10","2026-03-09","2026-03-15","2026-03-15"
"K K Construction Co","Bhopal","O&M Circle Harda","O&M Division Harda South","Rehatgaon D/C","Bhopal","263956","Conversion of LT Line : 25 KVA KAPASI NAKE WALA CABLE AUG","2025-05-18","2025-05-18","2026-03-10","2026-03-09","2026-03-15","2026-03-15"
"K K Construction Co","Bhopal","O&M Circle Harda","O&M Division Harda South","Rehatgaon D/C","Bhopal","262899","25 KVA FLOURMIL WALA DOLARIYA CABLE AUG","2025-05-18","2025-05-18","2026-03-10","2026-03-09","2026-03-15","2026-03-15"
"K K Construction Co","Bhopal","O&M Circle Harda","O&M Division Harda South","Sirali Distribution Center","Bhopal","243306","Additional Anil mangule wala 63 kva","2025-05-18","2025-05-18","2025-12-03","2025-09-24","2025-12-10","2025-12-10"
"K K Construction Co","Bhopal","O&M Circle Harda","O&M Division Harda South","Sirali Distribution Center","Bhopal","243230","Additional nitin soner wala 63 kva","2025-05-18","2025-05-18","2025-12-03","2025-09-24","2025-12-10","2025-12-10"
"K K Construction Co","Bhopal","O&M Circle Harda","O&M Division Harda South","Rehatgaon D/C","Bhopal","254693","100 KVA PATEL WALA JHADPA ADDITIONAL","2025-05-18","2025-05-18","2026-03-10","2026-03-09","2026-03-15","2026-03-15"
"K K Construction Co","Bhopal","O&M Circle Harda","O&M Division Harda South","Rehatgaon D/C","Bhopal","278817","100 KVA KAPASI GAON WALA PUMP ADDTTIONAL","2025-05-18","2025-05-18","2026-03-10","2026-03-09","2026-03-15","2026-03-15"
"K K Construction Co","Bhopal","O&M Circle Harda","O&M Division Harda South","Rehatgaon D/C","Bhopal","278811","100 USHKALLI GAON WALA PUMP ADDITIONAL","2025-05-18","2025-05-18","2026-03-10","2026-03-09","2026-03-15","2026-03-15"
"K K Construction Co","Bhopal","O&M Circle Harda","O&M Division Harda South","Rehatgaon D/C","Bhopal","263784","Conversion of LT Line : BARURGHAT GAON WALA CABLE AUG.","2025-05-18","2025-05-18","2026-03-10","2026-03-09","2026-03-15","2026-03-15"
"K K Construction Co","Bhopal","O&M Circle Harda","O&M Division Harda South","Rehatgaon D/C","Bhopal","253741","100 KVA BENI WALA TEMAGAON ADDITIONAL","2025-05-18","2025-05-18","2026-03-10","2026-03-09","2026-03-15","2026-03-15"
"K K Construction Co","Bhopal","O&M Circle Harda","O&M Division Harda South","Rehatgaon D/C","Bhopal","253964","100 KVA THANA ROAD ADDITIONAL","2025-05-18","2025-05-18","2026-03-10","2026-03-09","2026-03-15","2026-03-15"
"K K Construction Co","Bhopal","O&M Circle Harda","O&M Division Harda South","Rehatgaon D/C","Bhopal","241294","100 KVA ROAD WALA PANTALAI ADDITIONAL","2025-05-18","2025-05-18","2026-03-10","2026-03-09","2026-03-15","2026-03-15"
"K K Construction Co","Bhopal","O&M Circle Harda","O&M Division Harda South","Rehatgaon D/C","Bhopal","241293","100 KVA PANTALAI GAON ADDITIONAL","2025-05-18","2025-05-18","2026-03-10","2026-03-09","2026-03-15","2026-03-15"
"K K Construction Co","Bhopal","O&M Circle Harda","O&M Division Harda South","Rehatgaon D/C","Bhopal","243734","100 KVA MUNNA SETH WALA ADDITIONAL","2025-05-18","2025-05-18","2026-03-10","2026-03-09","2026-03-15","2026-03-15"
"K K Construction Co","Bhopal","O&M Circle Harda","O&M Division Harda South","Rehatgaon D/C","Bhopal","241279","100 KVA BAJRANG MANDIR MOHANPUR ADDITIONAL","2025-05-18","2025-05-18","2026-03-10","2026-03-09","2026-03-15","2026-03-15"
"K K Construction Co","Bhopal","O&M Circle Harda","O&M Division Harda South","Rehatgaon D/C","Bhopal","257873","Conversion of LT Line : 25 KVA MATA MANDIR MOHANPUR CABLE AUG.","2025-05-18","2025-05-18","2026-03-10","2026-03-09","2026-03-15","2026-03-15"
"K K Construction Co","Bhopal","O&M Circle Harda","O&M Division Harda South","Sirali Distribution Center","Bhopal","254527","Bare conductor replace by Ab cable 63 kva nale wal","2025-07-15","2025-07-16","2025-11-04","2025-09-24","2025-11-05","2025-11-05"
"K K Construction Co","Bhopal","O&M Circle Harda","O&M Division Harda North","Charuwa D/C","Bhopal","241529","Additional DTR Muhal circular2","2025-05-17","2025-05-17",NULL,NULL,NULL,NULL
"K K Construction Co","Bhopal","O&M Circle Harda","O&M Division Harda North","Charuwa D/C","Bhopal","241527","Additional DTR hasanpur2","2025-05-17","2025-05-17",NULL,NULL,NULL,NULL
"K K Construction Co","Bhopal","O&M Circle Harda","O&M Division Harda South","Sirali Distribution Center","Bhopal","241920","Additional nahar jungle college wala 63 kva ","2025-07-15","2025-07-16","2025-11-10","2025-09-24","2025-11-13","2025-11-13"
"K K Construction Co","Bhopal","O&M Circle Harda","O&M Division Harda North","Charuwa D/C","Bhopal","210905","ADDITIONAL RAKTIYA WALA","2025-05-17","2025-05-17",NULL,NULL,NULL,NULL
"K K Construction Co","Bhopal","O&M Circle Harda","O&M Division Harda North","Charuwa D/C","Bhopal","211762","LT NEW MUHAL CIR.","2025-05-17","2025-05-17",NULL,NULL,NULL,NULL
"K K Construction Co","Bhopal","O&M Circle Harda","O&M Division Harda South","Rehatgaon D/C","Bhopal","63588","100 KVA KACHHWAHA WALA SODALPUR ADDITIONAL","2025-05-18","2025-05-18","2026-03-10","2026-03-09","2026-03-15","2026-03-15"
"K K Construction Co","Bhopal","O&M Circle Harda","O&M Division Harda South","Rehatgaon D/C","Bhopal","282344","100 KVA SIRKAMBA PHANSI WALA ADDITIONAL","2025-05-18","2025-05-18","2026-03-10","2026-03-09","2026-03-15","2026-03-15"
"K K Construction Co","Bhopal","O&M Circle Harda","O&M Division Harda South","Rehatgaon D/C","Bhopal","243748","100 KVA MUKATI WALA KSARNI ADDITIONAL","2025-05-18","2025-05-18","2026-03-10","2026-03-09","2026-03-15","2026-03-15"
"K K Construction Co","Bhopal","O&M Circle Harda","O&M Division Harda South","Kartana D/C","Bhopal","252210","LT LINE SURVEY VIKAS NAGAR ADDITIONAL DTR","2025-06-07","2025-06-07","2025-12-08","2025-11-05","2025-12-10","2025-12-10"
"K K Construction Co","Bhopal","O&M Circle Harda","O&M Division Harda North","Khirkiya D/C","Bhopal","259795","NEW ADDI SCHOOL WALA DEVPUR 63 KVA","2025-05-17","2025-05-18","2025-12-08","2025-06-06","2025-12-10","2025-12-10"
"K K Construction Co","Bhopal","O&M Circle Harda","O&M Division Harda South","Sirali Distribution Center","Bhopal","255160","Bare conductor to ab cable 63kva vinod rathore wal","2025-07-15","2025-07-16","2025-11-04","2025-09-24","2025-11-04","2025-11-04"
"K K Construction Co","Bhopal","O&M Circle Harda","O&M Division Harda South","Timarni D/C","Bhopal","64161","SEPRATE 63KVA BARJA ROAD","2025-06-02","2025-06-06","2025-12-08","2025-09-24","2025-12-10","2025-12-10"
"K K Construction Co","Bhopal","O&M Circle Harda","O&M Division Harda South","Timarni D/C","Bhopal","64159","SEPRATE 63KVA RAM BHUSKUTTE","2025-06-02","2025-06-06","2025-12-08","2025-09-24","2025-12-10","2025-12-10"
"K K Construction Co","Bhopal","O&M Circle Harda","O&M Division Harda South","Timarni D/C","Bhopal","64124","additional 100kva renuka gardan timarni","2025-06-02","2025-06-06","2025-12-08","2025-09-24","2025-12-10","2025-12-10"
"K K Construction Co","Bhopal","O&M Circle Harda","O&M Division Harda North","Khirkiya D/C","Bhopal","231368","NEW ADDI PIPALIYA ROAD WALA MUHALKALA 100 KVA","2025-05-18","2025-06-06","2025-12-08","2025-06-06","2025-12-10","2025-12-10"
"K K Construction Co","Bhopal","O&M Circle Harda","O&M Division Harda South","Timarni D/C","Bhopal","64149","additional 200kva ashish wala timarni","2025-06-02","2025-06-06","2025-12-08","2025-09-24","2025-12-10","2025-12-10"
"K K Construction Co","Bhopal","O&M Circle Harda","O&M Division Harda South","Timarni D/C","Bhopal","64128","additional 200kva mandi gate timarni","2025-06-02","2025-06-06","2025-12-08","2025-09-24","2025-12-10","2025-12-10"
"K K Construction Co","Bhopal","O&M Circle Harda","O&M Division Harda North","Charuwa D/C","Bhopal","210907","ADDITIONAL ANJRUDMAL WALA","2025-05-17","2025-05-17",NULL,NULL,NULL,NULL
"K K Construction Co","Bhopal","O&M Circle Harda","O&M Division Harda North","Charuwa D/C","Bhopal","218684","Additional kothami","2025-05-17","2025-05-17",NULL,NULL,NULL,NULL
"K K Construction Co","Bhopal","O&M Circle Harda","O&M Division Harda South","Rehatgaon D/C","Bhopal","63662","200 KVA BAJRANG WALA SODALPUR ADDITIONAL","2025-05-18","2025-05-18","2026-03-10","2026-03-09","2026-03-15","2026-03-15"
"K K Construction Co","Bhopal","O&M Circle Harda","O&M Division Harda South","Rehatgaon D/C","Bhopal","263543","Conversion of LT Line : 25 KVA COLONY DHANGAON CABLE AUG","2025-05-18","2025-05-18","2026-03-10","2026-03-09","2026-03-15","2026-03-15"
"K K Construction Co","Bhopal","O&M Circle Harda","O&M Division Harda North","Khirkiya D/C","Bhopal","257613","LT CABLE AUGGUMTETION JHANDI WALA . 25 KVA 0381","2025-05-17","2025-05-17","2025-12-08","2025-06-06","2025-12-10","2025-12-10"
"K K Construction Co","Bhopal","O&M Circle Harda","O&M Division Harda North","Khirkiya D/C","Bhopal","258659","LT AUGGUMTETION POKHARNI GAON wala 200 kva 0057","2025-05-17","2025-05-18","2025-12-08","2025-06-06","2025-12-10","2025-12-10"
"K K Construction Co","Bhopal","O&M Circle Harda","O&M Division Harda North","Khirkiya D/C","Bhopal","260168","LT Cable Augmentation KANJI HOUSE DHANWADA 0366","2025-05-17","2025-05-18","2025-12-08","2025-06-06","2025-12-10","2025-12-10"
"K K Construction Co","Bhopal","O&M Circle Harda","O&M Division Harda North","Khirkiya D/C","Bhopal","257695","LT CABLE AUGGUMTETION JHANDI WALA 2 .100 KVA 0380","2025-05-17","2025-05-17","2025-12-08","2025-06-06","2025-12-10","2025-12-10"
"K K Construction Co","Bhopal","O&M Circle Harda","O&M Division Harda North","Khirkiya D/C","Bhopal","252884","LT Cable Augmentation Rajesh saran wala 0391","2025-05-17","2025-05-17","2025-12-08","2025-06-06","2025-12-10","2025-12-10"
"K K Construction Co","Bhopal","O&M Circle Harda","O&M Division Harda North","Khirkiya D/C","Bhopal","253235","LT Cable Augmentation Deva panchar wala 0389","2025-05-17","2025-05-17","2025-12-08","2025-06-06","2025-12-10","2025-12-10"
"K K Construction Co","Bhopal","O&M Circle Harda","O&M Division Harda North","Khirkiya D/C","Bhopal","258216","LT AUGGUMTETION devpur road wala 25 kva 0395","2025-05-17","2025-05-17","2025-12-08","2025-06-06","2025-12-10","2025-12-10"
"K K Construction Co","Bhopal","O&M Circle Harda","O&M Division Harda North","Khirkiya D/C","Bhopal","259807","LT Cable Augmentation Kotwar wala 0356","2025-05-17","2025-05-18","2025-12-08","2025-06-06","2025-12-10","2025-12-10"
"K K Construction Co","Bhopal","O&M Circle Harda","O&M Division Harda North","Khirkiya D/C","Bhopal","215577","NEW ADDI DHANSINGH NANDU KE GHR PASS 63 KVA","2025-05-17","2025-05-17","2025-12-08","2025-06-06","2025-12-10","2025-12-10"
"K K Construction Co","Bhopal","O&M Circle Harda","O&M Division Harda North","Khirkiya D/C","Bhopal","257658","NEW ADDI NAVEEN BASTI NEEMSARAI ROAD 63 KVA","2025-05-17","2025-05-17","2025-12-08","2025-06-06","2025-12-10","2025-12-10"
"K K Construction Co","Bhopal","O&M Circle Harda","O&M Division Harda North","Khirkiya D/C","Bhopal","257553","LT cable Augmentation gram panchayat 2 25kva 0384","2025-05-17","2025-05-17","2025-12-08","2025-06-06","2025-12-10","2025-12-10"
"K K Construction Co","Bhopal","O&M Circle Harda","O&M Division Harda North","Khirkiya D/C","Bhopal","257556","LT Cable Augmentation ramgopal ke ghr 25 kva 0382","2025-05-17","2025-05-17","2025-12-08","2025-06-06","2025-12-10","2025-12-10"
"K K Construction Co","Bhopal","O&M Circle Harda","O&M Division Harda North","Khirkiya D/C","Bhopal","66625","NEEMSARAI ROAD MUHAL 100 KVA DTR","2025-05-17","2025-05-17","2025-12-08","2025-06-06","2025-12-10","2025-12-10"
"K K Construction Co","Bhopal","O&M Circle Harda","O&M Division Harda North","Khirkiya D/C","Bhopal","66746","NEW ADDI LODHIYAKHEDI ROAD CHOUKDI 63 KVA DTR","2025-05-17","2025-05-17","2025-12-08","2025-06-06","2025-12-10","2025-12-10"
"K K Construction Co","Bhopal","O&M Circle Harda","O&M Division Harda North","Khirkiya D/C","Bhopal","257508","LT Augmentation gram panchayat 1 wala 25 kva 0383","2025-05-17","2025-05-17","2025-12-08","2025-06-06","2025-12-10","2025-12-10"
"K K Construction Co","Bhopal","O&M Circle Harda","O&M Division Harda South","Rehatgaon D/C","Bhopal","249232","100 KVA PRADEEP WALA JHADWIDA ADDITIONAL","2025-05-18","2025-05-18","2026-03-10","2026-03-09","2026-03-15","2026-03-15"
"K K Construction Co","Bhopal","O&M Circle Harda","O&M Division Harda North","Khirkiya D/C","Bhopal","64517","nirbhaya singh patwari ji khle 63 dtr","2025-05-17","2025-05-17","2025-12-08","2025-06-06","2025-12-10","2025-12-10"
"K K Construction Co","Bhopal","O&M Circle Harda","O&M Division Harda North","Khirkiya D/C","Bhopal","246841","NEW ADDI ADIWASHI MOHLLA 63 KVA CHOUKDI","2025-05-17","2025-05-17","2025-12-08","2025-06-06","2025-12-10","2025-12-10"
"K K Construction Co","Bhopal","O&M Circle Harda","O&M Division Harda North","Khirkiya D/C","Bhopal","254874","LT Cable Augmentation Champu Wala 0398","2025-05-17","2025-05-17","2025-12-08","2025-06-06","2025-12-10","2025-12-10"
"K K Construction Co","Bhopal","O&M Circle Harda","O&M Division Harda North","Khirkiya D/C","Bhopal","253234","LT Cable Augmentation Sobhagya yojna wala 0676","2025-05-17","2025-05-17","2025-12-08","2025-06-06","2025-12-10","2025-12-10"
"K K Construction Co","Bhopal","O&M Circle Harda","O&M Division Harda North","Khirkiya D/C","Bhopal","66762","NEW ADDI SUBHASH VISHNOI WALA SARANGPUR 63 KVA DTR","2025-05-17","2025-05-17","2025-12-08","2025-06-06","2025-12-10","2025-12-10"
"K K Construction Co","Bhopal","O&M Circle Harda","O&M Division Harda North","Khirkiya D/C","Bhopal","253237","LT Cable Augmentation Shyam ke ghar wala 0387","2025-05-17","2025-05-17","2025-12-08","2025-06-06","2025-12-10","2025-12-10"
"K K Construction Co","Bhopal","O&M Circle Harda","O&M Division Harda North","Khirkiya D/C","Bhopal","260178","LT Cable Augmentation Kailash vishoi ke ghar 0682","2025-05-17","2025-05-18","2025-12-08","2025-06-06","2025-12-10","2025-12-10"
"K K Construction Co","Bhopal","O&M Circle Harda","O&M Division Harda South","Rehatgaon D/C","Bhopal","252487","100 KVA KRISHNA SETH WALA UMARDHA ADD.","2025-05-18","2025-05-18","2026-03-10","2026-03-09","2026-03-15","2026-03-15"
"K K Construction Co","Bhopal","O&M Circle Harda","O&M Division Harda South","Rehatgaon D/C","Bhopal","249717","100 KVA RAJESH CHOUHAN WALA NAJARPURA ADDITIONAL","2025-05-18","2025-05-18","2026-03-10","2026-03-09","2026-03-15","2026-03-15"
"K K Construction Co","Bhopal","O&M Circle Harda","O&M Division Harda South","Timarni D/C","Bhopal","201002","ADDITIONAL 100KVA KD WALA JHADTALAI","2025-06-02","2025-06-06","2025-12-06","2025-09-24","2025-12-10","2025-12-10"
"K K Construction Co","Bhopal","O&M Circle Harda","O&M Division Harda South","Timarni D/C","Bhopal","201006","ADDITIONAL 100KVA JAINARYAN WALA JHADTALI","2025-06-02","2025-06-06","2025-12-06","2025-09-24","2025-12-10","2025-12-10"
"K K Construction Co","Bhopal","O&M Circle Harda","O&M Division Harda South","Timarni D/C","Bhopal","68743","ADDITIONAL 100KVA SONI WALA BHADUGAON","2025-06-02","2025-06-06","2025-12-08","2025-09-24","2025-12-10","2025-12-10"
"K K Construction Co","Bhopal","O&M Circle Harda","O&M Division Harda South","Timarni D/C","Bhopal","201050","ADDITIONAL 100KVA BHIM WALA POKHARNI","2025-06-02","2025-06-06","2025-12-05","2025-09-24","2025-12-10","2025-12-10"
"K K Construction Co","Bhopal","O&M Circle Harda","O&M Division Harda South","Timarni D/C","Bhopal","201037","ADDITIONAL 100KVA SATISH WALA POKHARNI","2025-06-02","2025-06-06","2025-12-05","2025-09-24","2025-12-10","2025-12-10"
"K K Construction Co","Bhopal","O&M Circle Harda","O&M Division Harda South","Timarni D/C","Bhopal","200962","ADDITIONAL 100KVA MATA MANDIR POKHARNI","2025-06-02","2025-06-06","2025-12-06","2025-09-24","2025-12-10","2025-12-10"
"K K Construction Co","Bhopal","O&M Circle Harda","O&M Division Harda South","Sirali Distribution Center","Bhopal","243461","additional dtr masjid wala 200 kva","2025-07-15","2025-07-16","2025-11-10","2025-09-24","2025-11-13","2025-11-13"
"K K Construction Co","Bhopal","O&M Circle Harda","O&M Division Harda North","Harda South D/C","Bhopal","242489","Additional dtr at amardas ke pass kukrawad colony","2025-09-06","2025-09-07","2025-11-10","2025-09-23","2025-11-13","2025-11-13"
"K K Construction Co","Bhopal","O&M Circle Harda","O&M Division Harda South","Sirali Distribution Center","Bhopal","243183","Additional ramnath sarpanch wala 63 kva","2025-05-18","2025-05-18","2025-12-03","2025-09-24","2025-12-10","2025-12-10"
"K K Construction Co","Bhopal","O&M Circle Harda","O&M Division Harda South","Sirali Distribution Center","Bhopal","243451","Additional Ashish kushwah khet wala 63 kva","2025-05-18","2025-05-18","2025-12-03","2025-09-24","2025-12-10","2025-12-10"
"K K Construction Co","Bhopal","O&M Circle Harda","O&M Division Harda South","Sirali Distribution Center","Bhopal","244001","additional dtr Balakdas kotvar wala 63 kva","2025-05-18","2025-05-18","2025-12-03","2025-09-24","2025-12-10","2025-12-10"
"K K Construction Co","Bhopal","O&M Circle Harda","O&M Division Harda South","Sirali Distribution Center","Bhopal","241888","Additional dtr mali wala100 kva","2026-03-19","2026-03-19",NULL,NULL,NULL,NULL
"K K Construction Co","Bhopal","O&M Circle Harda","O&M Division Harda South","Sirali Distribution Center","Bhopal","243229","Additional Mukesh gangrade wala 63 kva","2026-03-20","2026-03-21",NULL,NULL,NULL,NULL
"M/s UNIVERSAL MEP PROJECTS & ENGINEERING SERVICES LIMITED","Gwalior","O&M Circle Ashoknagar","O&M Division Ashoknagar","Toomen DC","Gwalior","204510","33/11 kv masidpur S/S","2026-02-28","2026-02-28","2026-03-24","2026-02-02","2026-04-23","2026-04-23"
"K K Construction Co","Bhopal","O&M Circle Harda","O&M Division Harda South","Kartana D/C","Bhopal","278366","11 KV CONVERSION OF 70755-JALODA","2025-05-02","2025-05-02","2025-12-05","2025-05-03","2025-12-10","2025-12-10"
"K K Construction Co","Bhopal","O&M Circle Harda","O&M Division Harda South","Timarni D/C","Bhopal","263478","SEPRATE AG 63KVA 1 NO. PIPLYA","2025-06-02","2025-06-06","2025-12-05","2025-09-24","2025-12-10","2025-12-10"
"K K Construction Co","Bhopal","O&M Circle Harda","O&M Division Harda South","Timarni D/C","Bhopal","241875","CABLE AUGUMENTATION 4544410193 THAKUR BERAKHEDI","2025-06-02","2025-06-06","2025-12-05","2025-09-24","2025-12-10","2025-12-10"
"K K Construction Co","Bhopal","O&M Circle Harda","O&M Division Harda South","Sirali Distribution Center","Bhopal","255174","Bare conductor to ab cable 200 kva meghnath chowk","2025-05-18","2025-05-18","2025-12-08","2025-09-24","2025-12-10","2025-12-10"
"K K Construction Co","Bhopal","O&M Circle Harda","O&M Division Harda South","Timarni D/C","Bhopal","64150","SEPRATE 63KVA MARGHATA WALA TIMARNI","2025-06-02","2025-06-06","2025-12-08","2025-09-24","2025-12-10","2025-12-10"
"K K Construction Co","Bhopal","O&M Circle Harda","O&M Division Harda North","Khirkiya D/C","Bhopal","260706","LT Cable Augmentation Bhagwat ke ghar wala 0377","2025-05-17","2025-05-18","2025-12-08","2025-06-06","2025-12-10","2025-12-10"
"K K Construction Co","Bhopal","O&M Circle Harda","O&M Division Harda North","Khirkiya D/C","Bhopal","253241","LT Cable Augmentation Atma ram ghar wala 0390","2025-05-17","2025-05-17","2025-12-08","2025-06-06","2025-12-10","2025-12-10"
"K K Construction Co","Bhopal","O&M Circle Harda","O&M Division Harda North","Harda North D/C","Bhopal","265868","Conversion of LT Line : GOLA LT CABLE AUG GAON WALA DTR","2026-03-18","2026-04-24",NULL,NULL,NULL,NULL
"K K Construction Co","Bhopal","O&M Circle Harda","O&M Division Harda South","Sirali Distribution Center","Bhopal","242768","additional dtr rathiya wala 63 kva","2026-03-20","2026-03-21",NULL,NULL,NULL,NULL
"K K Construction Co","Bhopal","O&M Circle Harda","O&M Division Harda North","Harda South D/C","Bhopal","266153","Additional DTR at Kailash Dhakad ke pass sirkamba","2026-03-20","2026-04-06",NULL,NULL,NULL,NULL
"K K Construction Co","Bhopal","O&M Circle Harda","O&M Division Harda North","Harda North D/C","Bhopal","265865","Conversion of LT Line : GOLA LT CABLE AUG HARIJAN BASTI WALA DTR","2026-03-18","2026-04-24",NULL,NULL,NULL,NULL
"K K Construction Co","Bhopal","O&M Circle Harda","O&M Division Harda North","Harda South D/C","Bhopal","256132","LT line augmentation badi sukhras","2025-05-17","2025-05-17","2025-12-08","2025-09-23","2025-12-10","2025-12-10"
"K K Construction Co","Bhopal","O&M Circle Harda","O&M Division Harda South","Sirali Distribution Center","Bhopal","243150","Additional pankaj khodre wala 63 kva","2025-05-18","2025-05-18","2025-12-03","2025-09-24","2025-12-10","2025-12-10"
"K K Construction Co","Bhopal","O&M Circle Harda","O&M Division Harda South","Rehatgaon D/C","Bhopal","264702","Conversion of LT Line : BARE CONDUCTER TO CABLE KHATMAKHEDA GAON WALA","2026-03-18","2026-03-21",NULL,NULL,NULL,NULL
"K K Construction Co","Bhopal","O&M Circle Harda","O&M Division Harda South","Timarni D/C","Bhopal","242375","cable augumentation 287 narmada bhadugaon","2026-03-18","2026-03-20",NULL,NULL,NULL,NULL
"K K Construction Co","Bhopal","O&M Circle Harda","O&M Division Harda North","Harda North D/C","Bhopal","266225","Conversion of LT Line : MALPONE LT CABLE AUG NALE WALA DTR","2026-03-18","2026-04-24",NULL,NULL,NULL,NULL
"K K Construction Co","Bhopal","O&M Circle Harda","O&M Division Harda North","Harda South D/C","Bhopal","266095","LT augmentation work sirkamba","2026-03-18","2026-04-06",NULL,NULL,NULL,NULL
"K K Construction Co","Bhopal","O&M Circle Harda","O&M Division Harda South","Timarni D/C","Bhopal","246181","CABLE AUGUMENTATION CHAKKI WALA MANIYA KHEDI","2026-03-18","2026-03-19",NULL,NULL,NULL,NULL
"K K Construction Co","Bhopal","O&M Circle Harda","O&M Division Harda South","Sirali Distribution Center","Bhopal","244091","Additional anokhilal sutar wala 63kva","2025-05-18","2025-05-18","2025-12-03","2025-09-24","2025-12-10","2025-12-10"
"K K Construction Co","Bhopal","O&M Circle Harda","O&M Division Harda South","Sirali Distribution Center","Bhopal","258018","Additional dtr sukku Wala 63kva","2025-05-18","2025-05-18","2025-12-03","2025-09-24","2025-12-10","2025-12-10"
"K K Construction Co","Bhopal","O&M Circle Harda","O&M Division Harda North","Harda North D/C","Bhopal","212674","JUGARIYA ADDISTIONAL DTR VIMAL SIROHI","2025-05-17","2025-05-17","2025-12-08","2025-09-24","2025-12-10","2025-12-10"
"K K Construction Co","Bhopal","O&M Circle Harda","O&M Division Harda North","Harda North D/C","Bhopal","265341","Conversion of LT Line : JUGARIYA LT CABLE AUGMENTATION","2025-05-17","2025-05-17","2025-12-08","2025-09-24","2025-12-10","2025-12-10"
"K K Construction Co","Bhopal","O&M Circle Harda","O&M Division Harda North","Harda North D/C","Bhopal","265542","GAJAKHEDI LT CABLE AUG GAON WALA DTR","2025-05-17","2025-05-17","2025-12-08","2025-09-24","2025-12-10","2025-12-10"
"K K Construction Co","Bhopal","O&M Circle Harda","O&M Division Harda North","Harda North D/C","Bhopal","265549","KHEDINEEMA LT CABLE AUG MAHENDRA WALA DTR","2025-05-17","2025-05-17","2025-12-08","2025-09-24","2025-12-10","2025-12-10"
"K K Construction Co","Bhopal","O&M Circle Harda","O&M Division Harda North","Harda North D/C","Bhopal","270000","Conversion of LT Line : BAMNAI LT CABLE AUG GAMBHIR DUDU WALA DTR","2025-05-17","2025-05-17","2025-12-08","2025-09-24","2025-12-10","2025-12-10"
"K K Construction Co","Bhopal","O&M Circle Harda","O&M Division Harda North","Harda North D/C","Bhopal","270032","Conversion of LT Line : AJANAI LT CABLE AUG GAON WALA DTR","2025-05-17","2025-05-17","2025-12-08","2025-09-24","2025-12-10","2025-12-10"
"K K Construction Co","Bhopal","O&M Circle Harda","O&M Division Harda North","Khirkiya D/C","Bhopal","66618","VIJAY SINGH PATEL KE SAMNE MUHAL 63 KVA DTR","2025-05-18","2025-06-06","2025-12-08","2025-06-06","2025-12-10","2025-12-10"
"K K Construction Co","Bhopal","O&M Circle Harda","O&M Division Harda North","Harda North D/C","Bhopal","64287","ADDISTIONAL DTR RADHESHYAM KEER","2025-05-17","2025-05-17","2025-12-08","2025-09-24","2025-12-10","2025-12-10"
"K K Construction Co","Bhopal","O&M Circle Harda","O&M Division Harda South","Kartana D/C","Bhopal","232268","Additional 63 kva, shakti mohalla gondagaon","2025-05-17","2025-05-17","2025-12-08","2025-11-05","2025-12-10","2025-12-10"
"K K Construction Co","Bhopal","O&M Circle Harda","O&M Division Harda South","Sirali Distribution Center","Bhopal","251187","Bare conductor to ab cable 25kva patel baba wala","2025-05-18","2025-05-18","2025-12-08","2025-09-24","2025-12-10","2025-12-10"
"K K Construction Co","Bhopal","O&M Circle Harda","O&M Division Harda South","Timarni D/C","Bhopal","68580","additional golu wala sohagpur","2025-06-02","2025-06-06","2025-12-08","2025-09-24","2025-12-10","2025-12-10"
"K K Construction Co","Bhopal","O&M Circle Harda","O&M Division Harda South","Sirali Distribution Center","Bhopal","252012","Bare conductor to ab cable 63 kva panchayat wala","2025-05-18","2025-05-18","2025-12-08","2025-09-24","2025-12-10","2025-12-10"
"K K Construction Co","Bhopal","O&M Circle Harda","O&M Division Harda South","Sirali Distribution Center","Bhopal","252459","Bare low cable to high cable 63kva somani ji wala","2025-05-18","2025-05-18","2025-12-08","2025-09-24","2025-12-10","2025-12-10"
"K K Construction Co","Bhopal","O&M Circle Harda","O&M Division Harda South","Kartana D/C","Bhopal","243492","additional dtr nousar agrawal wale se","2025-05-17","2025-05-17","2025-12-08","2025-11-05","2025-12-10","2025-12-10"
"K K Construction Co","Bhopal","O&M Circle Harda","O&M Division Harda South","Sirali Distribution Center","Bhopal","291915","Additional Praveen bhayre wala 63 kva","2026-03-18","2026-03-19",NULL,NULL,NULL,NULL
"K K Construction Co","Bhopal","O&M Circle Harda","O&M Division Harda North","Harda North D/C","Bhopal","264071","KOLIPURA LT AUG MALI WALA DTR","2026-03-18","2026-04-24",NULL,NULL,NULL,NULL
"M/s UNIVERSAL MEP PROJECTS & ENGINEERING SERVICES LIMITED","Gwalior","O&M Circle Shivpuri","O&M Division Pichhore","Khaniyadhana (U)DC","Gwalior","226280","Feeder Sepration : Feeder sepration of 11kv Baghari Pump","2025-11-19","2025-11-19","2025-12-18","2025-12-17","2025-12-24","2025-12-24"
"M/s UNIVERSAL MEP PROJECTS & ENGINEERING SERVICES LIMITED","Gwalior","O&M Circle Shivpuri","O&M Division Pichhore","Khaniyadhana (R) DC","Gwalior","226002","Feeder Sepration : Feeder sepration 11kv Baghari Awadi Feeder","2025-06-25","2025-06-25","2025-12-19","2025-07-23","2025-12-24","2025-12-24"
"M/s UNIVERSAL MEP PROJECTS & ENGINEERING SERVICES LIMITED","Gwalior","O&M Circle Guna","O&M Division Guna","Bamori DC","Gwalior","49015","33 KV NEW SS 33 KV LINE 11 KV LINE","2025-12-23","2026-03-24","2026-04-11","2026-01-03","2026-04-15","2026-04-16"
"M/s UNIVERSAL MEP PROJECTS & ENGINEERING SERVICES LIMITED","Gwalior","O&M Circle Bhind","O&M Division Lahar","Ashwar DC","Gwalior","47920","33 kv new barua ss 33 kv line 11 kv line","2025-09-30","2025-09-30","2025-09-30",NULL,"2025-09-30","2025-09-30"
"K K Construction Co","Bhopal","O&M Circle Harda","O&M Division Harda South","Rehatgaon D/C","Bhopal","265626","25 KVA COLONY WALA SIRKAMBA CABLE AUG.","2025-05-18","2025-05-18","2026-03-10","2026-03-09","2026-03-15","2026-03-15"
"K K Construction Co","Bhopal","O&M Circle Harda","O&M Division Harda South","Timarni D/C","Bhopal","68599","additional syam wala dhoplur","2025-07-15","2025-07-15","2025-11-04","2025-09-24","2025-11-05","2025-11-05"
"K K Construction Co","Bhopal","O&M Circle Harda","O&M Division Harda South","Rehatgaon D/C","Bhopal","257566","100 KVA BANK VALA DLF TEMAGAON CABLE AUG.","2025-09-06","2025-09-07",NULL,"2026-03-12",NULL,NULL
"K K Construction Co","Bhopal","O&M Circle Harda","O&M Division Harda South","Timarni D/C","Bhopal","221834","INTERCONNECTION BETWEEN RAJRAJESWARI AND CHHIDGAON","2025-09-06","2025-09-07","2025-11-04","2025-09-24","2025-11-05","2025-11-05"
"K K Construction Co","Bhopal","O&M Circle Harda","O&M Division Harda South","Timarni D/C","Bhopal","275586","interconnection beetween pokharni and chipaner","2025-09-06","2025-09-07","2025-11-03","2025-09-24","2025-11-04","2025-11-04"
"K K Construction Co","Bhopal","O&M Circle Harda","O&M Division Harda South","Rehatgaon D/C","Bhopal","264939","25 KVA ANGANWADI WALA CABLE AUG.","2025-09-06","2025-09-07",NULL,"2026-03-12",NULL,NULL
"K K Construction Co","Bhopal","O&M Circle Harda","O&M Division Harda South","Sirali Distribution Center","Bhopal","254290","Bare conductor replace by Ab cable 200 kva babdi w","2025-07-15","2025-07-16","2025-11-04","2025-09-24","2025-11-05","2025-11-05"
"K K Construction Co","Bhopal","O&M Circle Harda","O&M Division Harda South","Sirali Distribution Center","Bhopal","254304","cable aug. low to high cable 16 kva parasram wala","2025-05-18","2025-05-18","2025-12-08","2025-09-24","2025-12-10","2025-12-10"
"K K Construction Co","Bhopal","O&M Circle Harda","O&M Division Harda South","Sirali Distribution Center","Bhopal","253969","Bare conducter to ab cable 63 kva naharjangal","2025-07-15","2025-07-16","2025-11-06","2025-09-24","2025-11-06","2025-11-06"
"K K Construction Co","Bhopal","O&M Circle Harda","O&M Division Harda South","Sirali Distribution Center","Bhopal","257690","Bare conductor replace by Ab cable 16 kva bus amas","2025-07-15","2025-07-16","2025-11-04","2025-09-24","2025-11-05","2025-11-05"
"K K Construction Co","Bhopal","O&M Circle Harda","O&M Division Harda South","Rehatgaon D/C","Bhopal","262751","Conversion of LT Line : 25 KVA COLONY WALA NANDWA CABLE AUG.","2025-05-18","2025-05-18","2026-03-10","2026-03-09","2026-03-15","2026-03-15"
"K K Construction Co","Bhopal","O&M Circle Harda","O&M Division Harda South","Rehatgaon D/C","Bhopal","263808","Conversion of LT Line : 25 KVA CHHIDGAON COLONY WALA CABLE AUG","2025-05-18","2025-05-18","2026-03-10","2026-03-09","2026-03-15","2026-03-15"
"K K Construction Co","Bhopal","O&M Circle Harda","O&M Division Harda South","Rehatgaon D/C","Bhopal","253574","100 KVA RADHESHYAM PATEL ADDITIONAL","2025-05-18","2025-05-18","2026-03-10","2026-03-09","2026-03-15","2026-03-15"
"K K Construction Co","Bhopal","O&M Circle Harda","O&M Division Harda South","Rehatgaon D/C","Bhopal","278707","100 KVA TOWER WALA PADWA ADDITIONAL","2025-05-18","2025-05-18","2026-03-10","2026-03-09","2026-03-15","2026-03-15"
"K K Construction Co","Bhopal","O&M Circle Harda","O&M Division Harda South","Rehatgaon D/C","Bhopal","256246","100 NADWA GAON WALA ADDITIONAL","2025-05-18","2025-05-18","2026-03-10","2026-03-09","2026-03-15","2026-03-15"
"K K Construction Co","Bhopal","O&M Circle Harda","O&M Division Harda South","Rehatgaon D/C","Bhopal","251989","200 KVA SALAK WALA ADDITIONAL","2025-05-18","2025-05-18","2026-03-10","2026-03-09","2026-03-15","2026-03-15"
"K K Construction Co","Bhopal","O&M Circle Harda","O&M Division Harda South","Timarni D/C","Bhopal","68746","ADDITIONAL 100KVA DANA WALA BHADUGAON","2025-09-06","2025-09-07","2025-11-04","2025-09-24","2025-11-05","2025-11-05"
"K K Construction Co","Bhopal","O&M Circle Harda","O&M Division Harda North","Charuwa D/C","Bhopal","228550","REV. CHARUWA 2 TO SOMGAON SUBSTATION BIFURCATION","2025-02-28","2025-02-28","2025-03-02",NULL,"2025-03-04","2025-03-04"
"K K Construction Co","Bhopal","O&M Circle Harda","O&M Division Harda North","Harda North D/C","Bhopal","63918","11KV BIFERGATION DHANGAON FEEDER","2025-02-28","2025-02-28","2025-03-02","2025-09-24","2025-03-04","2025-03-04"
"K K Construction Co","Bhopal","O&M Circle Harda","O&M Division Harda North","Harda North D/C","Bhopal","63922","11KV BIFERGATION SEMLYA DL FEEDER","2025-02-28","2025-02-28","2025-03-02","2025-09-24","2025-03-04","2025-03-04"
"K K Construction Co","Bhopal","O&M Circle Harda","O&M Division Harda North","Charuwa D/C","Bhopal","203735","SOMGAON TO TINSAR","2025-02-28","2025-02-28","2025-03-02",NULL,"2025-03-04","2025-03-04"
"K K Construction Co","Bhopal","O&M Circle Harda","O&M Division Harda North","Harda South D/C","Bhopal","235733","interconnection of jijgon to nakwada","2025-02-28","2025-02-28","2025-03-02","2025-09-23","2025-03-04","2025-03-04"
"K K Construction Co","Bhopal","O&M Circle Harda","O&M Division Harda North","Charuwa D/C","Bhopal","211909","LT PARDIDANA RAKTIYA","2025-05-17","2025-05-17",NULL,NULL,NULL,NULL
"K K Construction Co","Bhopal","O&M Circle Harda","O&M Division Harda North","Khirkiya D/C","Bhopal","260701","LT Cable Augmentation Dharmendra ke ghar 0379","2025-05-17","2025-05-18","2025-12-08","2025-06-06","2025-12-10","2025-12-10"
"K K Construction Co","Bhopal","O&M Circle Harda","O&M Division Harda North","Harda South D/C","Bhopal","265720","LT augmentation work Bhatparetiya colony","2026-03-18","2026-04-06",NULL,NULL,NULL,NULL
"K K Construction Co","Bhopal","O&M Circle Harda","O&M Division Harda South","Sirali Distribution Center","Bhopal","242741","additional dtr shankar marchhale wala 100 kva","2025-05-18","2025-05-18","2025-12-03","2025-09-24","2025-12-10","2025-12-10"
"K K Construction Co","Bhopal","O&M Circle Harda","O&M Division Harda South","Sirali Distribution Center","Bhopal","243300","Additional bajrang mandir wala 63 kva","2025-06-02","2025-06-06","2025-12-03","2025-08-21","2025-12-10","2025-12-10"
"M/s UNIVERSAL MEP PROJECTS & ENGINEERING SERVICES LIMITED","Gwalior","O&M Circle Sheopur","O&M Division Sheopur South","Baroda DC","Gwalior","228803","11 kv utanwad abadi with DTR LT line","2025-11-24","2025-11-24","2025-12-09","2025-11-30","2025-12-10","2025-12-11"
"K K Construction Co","Bhopal","O&M Circle Harda","O&M Division Harda North","Khirkiya D/C","Bhopal","266983","Conversion of LT Line : LT Cable Augmentation Muhal kala 6 No DTR","2025-05-17","2025-05-18","2025-12-08","2025-06-06","2025-12-10","2025-12-10"
"K K Construction Co","Bhopal","O&M Circle Harda","O&M Division Harda South","Kartana D/C","Bhopal","227288","63kva additional dtr tvs shoroum ke paa","2025-05-17","2025-05-17","2025-12-08","2025-11-05","2025-12-10","2025-12-10"
"K K Construction Co","Bhopal","O&M Circle Harda","O&M Division Harda South","Kartana D/C","Bhopal","231775","Add 63 kva,billod,adiwasi mo, tap:-harijan wale se","2025-05-17","2025-05-17","2025-12-08","2025-11-05","2025-12-10","2025-12-10"
"M/s UNIVERSAL MEP PROJECTS & ENGINEERING SERVICES LIMITED","Gwalior","O&M Circle Datia","O&M Division Seondha","Salon DC","Gwalior","47788","33KV TEDOT SS 33KV LINE 11KV LINE","2025-04-07","2025-04-07","2025-04-07",NULL,"2025-04-07","2025-04-07"
"M/s UNIVERSAL MEP PROJECTS & ENGINEERING SERVICES LIMITED","Gwalior","O&M Circle Bhind","O&M Division Lahar","Alampur DC","Gwalior","47360","NEW RATANPURA SS 33 KV ALAMPURA LINE 11 KV LINE","2025-10-09","2025-10-09","2025-10-09",NULL,"2025-10-09","2025-10-09"
"M/s UNIVERSAL MEP PROJECTS & ENGINEERING SERVICES LIMITED","Gwalior","O&M Circle Guna","O&M Division Guna","Guna Rural DC","Gwalior","48396","New sub station","2025-01-30","2025-03-28","2025-03-28",NULL,"2025-03-28","2025-03-29"
"M/s UNIVERSAL MEP PROJECTS & ENGINEERING SERVICES LIMITED","Gwalior","O&M Circle Guna","O&M Division Raghogarh","Ruthyai DC","Gwalior","48245","33/11 KV NEW Sub Station","2025-11-12","2026-03-24","2026-04-11","2026-01-03","2026-04-15","2026-04-16"
"M/s UNIVERSAL MEP PROJECTS & ENGINEERING SERVICES LIMITED","Gwalior","O&M Circle Ashoknagar","O&M Division Ashoknagar","Eshagarh DC","Gwalior","222211","Feeder Sepration : Re-serve FS 11 kv Parsol pump fedeer","2026-02-11","2026-02-13","2026-02-24","2026-02-16","2026-02-24","2026-02-24"
"K K Construction Co","Bhopal","O&M Circle Harda","O&M Division Harda South","Sirali Distribution Center","Bhopal","241684","Additional Ashish kushwah wala 63 kva","2026-03-19","2026-03-19",NULL,NULL,NULL,NULL
"M/s UNIVERSAL MEP PROJECTS & ENGINEERING SERVICES LIMITED","Gwalior","O&M Circle Ashoknagar","O&M Division Ashoknagar","Eshagarh DC","Gwalior","241705","Feeder Sepration : Re-serve FS 11 kv chikri mix fedeer","2025-09-02","2025-09-02","2026-02-14","2026-02-14","2026-02-24","2026-02-24"
"K K Construction Co","Bhopal","O&M Circle Harda","O&M Division Harda North","Harda North D/C","Bhopal","263038","CHOUKI LT CABLE AUG SCHOOL WALA","2026-03-18","2026-04-24",NULL,NULL,NULL,NULL
"K K Construction Co","Bhopal","O&M Circle Harda","O&M Division Harda South","Sirali Distribution Center","Bhopal","253012","Bare low cable to high cable 200kva lohar wala maa","2026-03-19","2026-03-21",NULL,NULL,NULL,NULL
"K K Construction Co","Bhopal","O&M Circle Harda","O&M Division Harda North","Khirkiya D/C","Bhopal","214206","NEW ADDI MUKESH SETH WALA 63 KVA","2026-02-19","2026-03-05",NULL,NULL,NULL,NULL
"K K Construction Co","Bhopal","O&M Circle Harda","O&M Division Harda South","Kartana D/C","Bhopal","262151","Radha kishan mandir wala kathdi Lt survey","2026-02-19","2026-03-05",NULL,"2026-03-18",NULL,NULL
"K K Construction Co","Bhopal","O&M Circle Harda","O&M Division Harda North","Harda North D/C","Bhopal","267241","Conversion of LT Line : CHOTI HARDA LT CABLE AUG MANDIR WALA DTR","2026-03-18","2026-04-24",NULL,NULL,NULL,NULL
"K K Construction Co","Bhopal","O&M Circle Harda","O&M Division Harda North","Harda North D/C","Bhopal","254779","HANDIYA LT CABLE AUG NARMADA MANDIR WALA DTR","2026-03-18","2026-04-24",NULL,NULL,NULL,NULL
"K K Construction Co","Bhopal","O&M Circle Harda","O&M Division Harda North","Harda North D/C","Bhopal","266048","Conversion of LT Line : NAYAPURA LT CABLE AUG DHIMAR MOHALLA WALA DTR","2026-03-19","2026-04-24",NULL,NULL,NULL,NULL
"K K Construction Co","Bhopal","O&M Circle Harda","O&M Division Harda North","Harda South D/C","Bhopal","264806","LT augmentation work sultanpur","2026-03-19",NULL,NULL,NULL,NULL,NULL
"K K Construction Co","Bhopal","O&M Circle Harda","O&M Division Harda North","Harda North D/C","Bhopal","266108","Conversion of LT Line : NAYAPURRA LT CABLE AUG DR DEEPAK WALA DTR","2026-03-19","2026-04-24",NULL,NULL,NULL,NULL
"K K Construction Co","Bhopal","O&M Circle Harda","O&M Division Harda North","Harda North D/C","Bhopal","203417","NANDRA ADDISTIONAL DTR LALIT PATEL KE GHAR PASS","2026-03-21",NULL,NULL,NULL,NULL,NULL
"K K Construction Co","Bhopal","O&M Circle Harda","O&M Division Harda North","Charuwa D/C","Bhopal","241505","Additional DTR RamtekRyt2","2026-03-21",NULL,NULL,NULL,NULL,NULL
"K K Construction Co","Bhopal","O&M Circle Harda","O&M Division Harda North","Harda North D/C","Bhopal","266113","Conversion of LT Line : NAYAPURRA LT CABLE AUG BAJAR WALA DTR","2026-03-19","2026-04-24",NULL,NULL,NULL,NULL
"K K Construction Co","Bhopal","O&M Circle Harda","O&M Division Harda North","Harda North D/C","Bhopal","265650","JOGA LT CABLE AUG REST HOUSE WALA DTR","2026-03-19","2026-04-24",NULL,NULL,NULL,NULL
"K K Construction Co","Bhopal","O&M Circle Harda","O&M Division Harda North","Harda North D/C","Bhopal","265554","JOGA LT CABLE AUG ROAD WALA DTR","2026-03-19","2026-04-24",NULL,NULL,NULL,NULL
"K K Construction Co","Bhopal","O&M Circle Harda","O&M Division Harda North","Harda North D/C","Bhopal","266170","Conversion of LT Line : UCHAN LT CABLE AUG MANGAL SINGH WALA DTR","2026-03-19","2026-04-24",NULL,NULL,NULL,NULL
"K K Construction Co","Bhopal","O&M Circle Harda","O&M Division Harda North","Khirkiya D/C","Bhopal","253904","LT Cable Augmentation Jhanda Chowk -2 wala 0482","2026-03-18","2026-03-29",NULL,NULL,NULL,NULL
"M/s UNIVERSAL MEP PROJECTS & ENGINEERING SERVICES LIMITED","Gwalior","O&M Circle Shivpuri","O&M Division Pichhore","Pichhore (R) DC","Gwalior","217902","new s/s Garetha","2026-03-10","2026-03-10","2026-03-18","2026-03-11","2026-03-26","2026-03-26"
"K K Construction Co","Bhopal","O&M Circle Harda","O&M Division Harda South","Rehatgaon D/C","Bhopal","264697","Conversion of LT Line : CABLE AUG. UMARDHA GAON WALA","2025-09-06","2025-09-07",NULL,"2026-03-12",NULL,NULL
"M/s UNIVERSAL MEP PROJECTS & ENGINEERING SERVICES LIMITED","Gwalior","O&M Circle Bhind","O&M Division Bhind","Bhind Water Work City Zone","Gwalior","216688","Etawah Road Substation","2026-02-14","2026-02-26","2026-03-11","2026-02-26","2026-03-11","2026-03-11"
"K K Construction Co","Bhopal","O&M Circle Harda","O&M Division Harda South","Rehatgaon D/C","Bhopal","266105","Conversion of LT Line : 25 KVA COLONY WALA PADWA CABLE AUG.","2025-05-18","2025-05-18","2026-03-10","2026-03-09","2026-03-15","2026-03-15"
"M/s UNIVERSAL MEP PROJECTS & ENGINEERING SERVICES LIMITED","Gwalior","O&M Circle Sheopur","O&M Division Sheopur South","Karahal DC","Gwalior","240658","feeder separations ranipur abadi","2025-06-26","2025-06-26","2025-06-26","2025-06-24","2025-06-26","2025-06-26"
"K K Construction Co","Bhopal","O&M Circle Harda","O&M Division Harda North","Harda North D/C","Bhopal","268251","Conversion of LT Line : SONKHEDI LT CABLE AUG GAON WALA DTR","2026-03-18","2026-04-24",NULL,NULL,NULL,NULL
"K K Construction Co","Bhopal","O&M Circle Harda","O&M Division Harda South","Rehatgaon D/C","Bhopal","265003","100 KVA GAON WALA JHADWIDA CABLE AUG.","2026-03-18","2026-03-21",NULL,NULL,NULL,NULL
"K K Construction Co","Bhopal","O&M Circle Harda","O&M Division Harda North","Harda North D/C","Bhopal","262911","DUMLAY LT CABLE AUG BADA KUA WALA DTR","2026-03-18","2026-04-24",NULL,NULL,NULL,NULL
"K K Construction Co","Bhopal","O&M Circle Harda","O&M Division Harda South","Timarni D/C","Bhopal","262801","cable agumentation membar wala pokharni","2026-03-18","2026-03-19",NULL,NULL,NULL,NULL
"K K Construction Co","Bhopal","O&M Circle Harda","O&M Division Harda South","Timarni D/C","Bhopal","242377","cable augumentation 377 fokatpura nimacha kala","2026-03-18","2026-03-20",NULL,NULL,NULL,NULL
"K K Construction Co","Bhopal","O&M Circle Harda","O&M Division Harda South","Rehatgaon D/C","Bhopal","262859","Conversion of LT Line : AMSAGAR VILLAGE CONDUCTER TO CABLE","2026-03-19","2026-03-21",NULL,NULL,NULL,NULL
"K K Construction Co","Bhopal","O&M Circle Harda","O&M Division Harda South","Rehatgaon D/C","Bhopal","257563","100 KVA BAJRANG MANDIR MOHANPUR CABLE CONVERSION","2026-03-18","2026-03-21",NULL,NULL,NULL,NULL
"K K Construction Co","Bhopal","O&M Circle Harda","O&M Division Harda South","Timarni D/C","Bhopal","242378","cable augumentation 286 kirar bhadugaon","2026-03-18","2026-03-20",NULL,NULL,NULL,NULL
"K K Construction Co","Bhopal","O&M Circle Harda","O&M Division Harda North","Harda North D/C","Bhopal","262643","DAGAWANEEMA LT CABLE AUG HARIJAN BASTI DTR","2026-03-18","2026-04-24",NULL,NULL,NULL,NULL
"K K Construction Co","Bhopal","O&M Circle Harda","O&M Division Harda South","Sirali Distribution Center","Bhopal","255540","Cable aug.low to high 100kva muhadiya gaon wala","2026-03-19","2026-03-21",NULL,NULL,NULL,NULL
"K K Construction Co","Bhopal","O&M Circle Harda","O&M Division Harda South","Sirali Distribution Center","Bhopal","252008","Bare low cable to high cable 63kva beldar wala dha","2026-03-19","2026-03-21",NULL,NULL,NULL,NULL
"M/s UNIVERSAL MEP PROJECTS & ENGINEERING SERVICES LIMITED","Gwalior","O&M Circle Ashoknagar","O&M Division Ashoknagar","Eshagarh DC","Gwalior","64029","Feeder Sepration : FEEDER SEPR. OF EXISTING 11KV RAIPURA MIX FEEDER","2025-09-23","2025-09-27","2026-02-14","2026-02-14","2026-02-24","2026-02-24"
"K K Construction Co","Bhopal","O&M Circle Harda","O&M Division Harda South","Timarni D/C","Bhopal","241814","CABLE AUGUMENTAION 4544410226 KRISHNAKUNJ COLONY","2026-03-18","2026-03-20",NULL,NULL,NULL,NULL
"K K Construction Co","Bhopal","O&M Circle Harda","O&M Division Harda North","Harda South D/C","Bhopal","256932","LT line augmentation bade kua ke pass bamangaon","2026-03-18","2026-04-06",NULL,NULL,NULL,NULL
"K K Construction Co","Bhopal","O&M Circle Harda","O&M Division Harda North","Charuwa D/C","Bhopal","256394","LT bare conductor to cable Damodarpura 803","2026-03-18",NULL,NULL,NULL,NULL,NULL
"K K Construction Co","Bhopal","O&M Circle Harda","O&M Division Harda North","Harda North D/C","Bhopal","201336","JIJGAON ADDISTIONAL DTR KHAL KE PASS","2026-03-21",NULL,NULL,NULL,NULL,NULL
"K K Construction Co","Bhopal","O&M Circle Harda","O&M Division Harda North","Harda North D/C","Bhopal","267263","Conversion of LT Line : CHOTI HARDA LT CABLE AUG GAON WALA DTR","2026-03-18","2026-04-24",NULL,NULL,NULL,NULL
"K K Construction Co","Bhopal","O&M Circle Harda","O&M Division Harda North","Charuwa D/C","Bhopal","242414","LT BARE CONDUCTOR TO CABLE BHAVARDA MAL(191)","2026-03-18",NULL,NULL,NULL,NULL,NULL
"K K Construction Co","Bhopal","O&M Circle Harda","O&M Division Harda South","Sirali Distribution Center","Bhopal","255559","Bare conductor to ab cable 200 kva new bus stand w","2026-03-19","2026-03-21",NULL,NULL,NULL,NULL
"K K Construction Co","Bhopal","O&M Circle Harda","O&M Division Harda North","Khirkiya D/C","Bhopal","257635","LT CABLE AUGGUMTETION sindha baba wala 63 KVA 0688","2026-03-18","2026-03-28",NULL,NULL,NULL,NULL
"K K Construction Co","Bhopal","O&M Circle Harda","O&M Division Harda South","Sirali Distribution Center","Bhopal","244771","Conversion of LT Line : Dgawashankar Additional DTR 63KVA Nadi k pass","2026-03-19","2026-03-21",NULL,NULL,NULL,NULL
"K K Construction Co","Bhopal","O&M Circle Harda","O&M Division Harda North","Harda North D/C","Bhopal","264015","BAIDI LT CABLE AUG KANI BHOT WALA DTR","2026-03-19","2026-04-24",NULL,NULL,NULL,NULL
"K K Construction Co","Bhopal","O&M Circle Harda","O&M Division Harda South","Rehatgaon D/C","Bhopal","262669","Conversion of LT Line : 63 KVA KALPI VILLAGE WALA CABLE CONVERSION","2026-03-18","2026-03-21",NULL,NULL,NULL,NULL
"K K Construction Co","Bhopal","O&M Circle Harda","O&M Division Harda North","Harda North D/C","Bhopal","264030","DEVTALAV LT CABLE AUT BAIDI ROAD WALA DTR","2026-03-19","2026-04-24",NULL,NULL,NULL,NULL
"K K Construction Co","Bhopal","O&M Circle Harda","O&M Division Harda North","Harda North D/C","Bhopal","285601","Conversion of LT Line : BHUNNAS LT CABLE AUG SARPANCH TAPPAR","2026-03-18","2026-04-24",NULL,NULL,NULL,NULL
"K K Construction Co","Bhopal","O&M Circle Harda","O&M Division Harda North","HARDA(T)","Bhopal","64394","Hardul baba bare conductor to cable conversion","2026-03-19","2026-03-29",NULL,NULL,NULL,NULL
"K K Construction Co","Bhopal","O&M Circle Harda","O&M Division Harda North","Khirkiya D/C","Bhopal","248437","Conversion of LT Line DTR LAXMIKUND WALA Cable Aug","2026-03-19","2026-03-29",NULL,NULL,NULL,NULL
"K K Construction Co","Bhopal","O&M Circle Harda","O&M Division Harda South","Sirali Distribution Center","Bhopal","244553","Conversion of LT Line : Kalakund 25 kva cakki wala d To Aug. Cable 95sq.mm","2026-03-19","2026-03-21",NULL,NULL,NULL,NULL
"K K Construction Co","Bhopal","O&M Circle Harda","O&M Division Harda South","Kartana D/C","Bhopal","243065","lt cable aug work holi chowk 25kva kartana","2026-03-18","2026-03-25",NULL,NULL,NULL,NULL
"K K Construction Co","Bhopal","O&M Circle Harda","O&M Division Harda North","Harda North D/C","Bhopal","64256","ADDITIONAL GANESH MANDIR KE PASS HANDIYA DTR","2026-03-19",NULL,NULL,NULL,NULL,NULL
"K K Construction Co","Bhopal","O&M Circle Harda","O&M Division Harda North","Harda North D/C","Bhopal","220970","11 KV BIFURCATION BHAWARTALAV PUMP","2026-03-19","2026-03-19",NULL,NULL,NULL,NULL
"K K Construction Co","Bhopal","O&M Circle Harda","O&M Division Harda South","Timarni D/C","Bhopal","241798","CABLE AUGUMENTATION 45444100015 SEONI ROAD","2026-03-19","2026-03-20",NULL,NULL,NULL,NULL
"K K Construction Co","Bhopal","O&M Circle Harda","O&M Division Harda South","Timarni D/C","Bhopal","242984","Cable augmentation krisna kunj colony 2","2026-03-19","2026-03-20",NULL,NULL,NULL,NULL
"K K Construction Co","Bhopal","O&M Circle Harda","O&M Division Harda South","Timarni D/C","Bhopal","243524","additional dtr village raibor 100 kva","2026-03-19","2026-03-20",NULL,NULL,NULL,NULL
"K K Construction Co","Bhopal","O&M Circle Harda","O&M Division Harda South","Rehatgaon D/C","Bhopal","243738","100 KVA RAMDAYAL WALA ADDITIONAL","2026-03-19","2026-03-25",NULL,NULL,NULL,NULL
"K K Construction Co","Bhopal","O&M Circle Harda","O&M Division Harda South","Kartana D/C","Bhopal","256496","dinesh wali lt survey lachora","2026-03-18","2026-03-25",NULL,NULL,NULL,NULL
"K K Construction Co","Bhopal","O&M Circle Harda","O&M Division Harda South","Kartana D/C","Bhopal","254824","lt survey ramesh seth jaloda","2026-03-19","2026-03-25",NULL,NULL,NULL,NULL
"K K Construction Co","Bhopal","O&M Circle Harda","O&M Division Harda South","Kartana D/C","Bhopal","252898","LT CABLE BHAVRAS KAILASH WALI","2026-03-18","2026-03-25",NULL,NULL,NULL,NULL
"K K Construction Co","Bhopal","O&M Circle Harda","O&M Division Harda South","Kartana D/C","Bhopal","244137","LT CABLE WORK CHIPANER 63 KVA SE","2026-03-18","2026-03-25",NULL,NULL,NULL,NULL
"K K Construction Co","Bhopal","O&M Circle Harda","O&M Division Harda South","Kartana D/C","Bhopal","244186","LT CABAL WORK CHHIPANER 100 KVA","2026-03-18","2026-03-25",NULL,NULL,NULL,NULL
"K K Construction Co","Bhopal","O&M Circle Harda","O&M Division Harda South","Timarni D/C","Bhopal","243536","lt cable work village khartalay 63kva","2026-03-18","2026-03-20",NULL,NULL,NULL,NULL
"K K Construction Co","Bhopal","O&M Circle Harda","O&M Division Harda North","Khirkiya D/C","Bhopal","264213","AUG.LT CABLE BAFLA GAONWALA","2026-03-18","2026-03-28",NULL,NULL,NULL,NULL
"K K Construction Co","Bhopal","O&M Circle Harda","O&M Division Harda North","Charuwa D/C","Bhopal","203513","ADDITIONAL MAKTAPUR REKHA WALA","2026-03-21","2026-04-25",NULL,NULL,NULL,NULL
"K K Construction Co","Bhopal","O&M Circle Harda","O&M Division Harda North","Khirkiya D/C","Bhopal","258329","LT Cable Augmentation talab wala 25 kva 0393","2026-03-18","2026-03-28",NULL,NULL,NULL,NULL
"K K Construction Co","Bhopal","O&M Circle Harda","O&M Division Harda North","Charuwa D/C","Bhopal","218946","Additional kukdapani","2026-03-21",NULL,NULL,NULL,NULL,NULL
"K K Construction Co","Bhopal","O&M Circle Harda","O&M Division Harda North","Khirkiya D/C","Bhopal","266846","Conversion of LT Line : LT Cable Augmentation Dholgaon Khurd 2 No DTR","2026-03-18","2026-03-28",NULL,NULL,NULL,NULL
"K K Construction Co","Bhopal","O&M Circle Harda","O&M Division Harda North","Charuwa D/C","Bhopal","212793","ADDITIONAL AARIYA WALA","2026-03-20","2026-04-25",NULL,NULL,NULL,NULL
"K K Construction Co","Bhopal","O&M Circle Harda","O&M Division Harda South","Sirali Distribution Center","Bhopal","262110","Bare conductor to ab cable 25kva fakir mohalla wal","2026-03-19","2026-03-21",NULL,NULL,NULL,NULL
"M/s UNIVERSAL MEP PROJECTS & ENGINEERING SERVICES LIMITED","Gwalior","O&M Circle Morena","O&M Division Morena-II","Hetampur DC","Gwalior","48780","33 kv Badagaon/33 kv new line/ 33/11 kv substation","2026-03-26","2026-03-28","2026-04-06","2026-04-01","2026-04-13","2026-04-13"
"K K Construction Co","Bhopal","O&M Circle Harda","O&M Division Harda South","Sirali Distribution Center","Bhopal","255675","Survey for New LT line 25 kva balmukund gour wala","2026-03-18","2026-03-21",NULL,NULL,NULL,NULL
"K K Construction Co","Bhopal","O&M Circle Harda","O&M Division Harda South","Sirali Distribution Center","Bhopal","256419","Bare conductor to ab cable 25kva bus stand wala","2026-03-18","2026-03-21",NULL,NULL,NULL,NULL
"K K Construction Co","Bhopal","O&M Circle Harda","O&M Division Harda South","Rehatgaon D/C","Bhopal","255249","100 KVA SANTOSH WALA SHARADPUR","2026-03-19","2026-03-21",NULL,NULL,NULL,NULL
"M/s UNIVERSAL MEP PROJECTS & ENGINEERING SERVICES LIMITED","Gwalior","O&M Circle Gwalior","O&M Division Dabra","Dabra Rural DC","Gwalior","221769","Revised 33/11KV SS Simariya Tal 17.06.2022","2026-01-29","2026-01-29","2026-04-01","2026-03-30","2026-04-02","2026-04-02"
"K K Construction Co","Bhopal","O&M Circle Harda","O&M Division Harda South","Sirali Distribution Center","Bhopal","256229","Conversion of LT Line : Aug. Cable 35sqmm to 70sqmm in dholpur on16kva dtr","2026-03-19","2026-03-21",NULL,NULL,NULL,NULL
"M/s UNIVERSAL MEP PROJECTS & ENGINEERING SERVICES LIMITED","Gwalior","O&M Circle Gwalior","O&M Division Dabra","Dabra Rural DC","Gwalior","63587","New 3311KV SS Salwai 06 02","2026-01-29","2026-01-29","2026-04-01","2026-03-30","2026-04-02","2026-04-02"
"K K Construction Co","Bhopal","O&M Circle Harda","O&M Division Harda South","Sirali Distribution Center","Bhopal","254769","Cable aug.low to high 100kva gaon wala pipliya","2026-03-19","2026-03-21",NULL,NULL,NULL,NULL
"K K Construction Co","Bhopal","O&M Circle Harda","O&M Division Harda South","Sirali Distribution Center","Bhopal","254325","cable aug. low to high cable 63 kva sarpanch wala","2026-03-18","2026-03-21",NULL,NULL,NULL,NULL
"M/s UNIVERSAL MEP PROJECTS & ENGINEERING SERVICES LIMITED","Gwalior","O&M Circle Sheopur","O&M Division Sheopur South","Karahal DC","Gwalior","223740","feeder seperation pahela abadi","2025-01-09","2025-01-29","2025-01-29",NULL,"2025-07-02","2025-07-10"
"M/s UNIVERSAL MEP PROJECTS & ENGINEERING SERVICES LIMITED","Gwalior","O&M Circle Ashoknagar","O&M Division Ashoknagar","Awari DC","Gwalior","222170","Feeder Sepration : separation of 11 kv Tokli mix feeder","2025-09-02","2025-09-02","2026-02-13","2025-09-29","2026-02-24","2026-02-24"
"M/s UNIVERSAL MEP PROJECTS & ENGINEERING SERVICES LIMITED","Gwalior","O&M Circle Guna","O&M Division Guna","Bajrangarh DC","Gwalior","240863","Fdr. sep.of 11kv mix tillikheda and Rasulpur","2025-01-29","2025-03-27","2025-03-27",NULL,"2025-03-28","2025-03-29"
"K K Construction Co","Bhopal","O&M Circle Harda","O&M Division Harda South","Timarni D/C","Bhopal","241796","CABLE AUGUMENTATION 4544410223 RENUKA GARDAN","2026-03-18","2026-03-20",NULL,NULL,NULL,NULL
"K K Construction Co","Bhopal","O&M Circle Harda","O&M Division Harda South","Timarni D/C","Bhopal","241843","CABLE AUGUMENTATION 4544410203 BAHAR PURA","2026-03-18","2026-03-20",NULL,NULL,NULL,NULL
"K K Construction Co","Bhopal","O&M Circle Harda","O&M Division Harda North","Harda North D/C","Bhopal","285571","BHUNNAS ADDISTIONAL DTR KAMAL SIROHI KE GHAR PASS","2026-03-19","2026-04-24",NULL,NULL,NULL,NULL
"K K Construction Co","Bhopal","O&M Circle Harda","O&M Division Harda North","Harda North D/C","Bhopal","269532","Conversion of LT Line : NANDRA LT CABLE AUG BALRAM RATHI WALA DTR","2026-03-18","2026-04-24",NULL,NULL,NULL,NULL
"K K Construction Co","Bhopal","O&M Circle Harda","O&M Division Harda North","Harda South D/C","Bhopal","241578","Additional dtr at Manoj Malviya ke khale ke pass b","2026-03-21","2026-04-24",NULL,NULL,NULL,NULL
"K K Construction Co","Bhopal","O&M Circle Harda","O&M Division Harda North","Harda North D/C","Bhopal","269530","GHODAKUND ADDTIONAL DTR ANIL KE GHAR PASS","2026-03-21","2026-04-24",NULL,NULL,NULL,NULL
"K K Construction Co","Bhopal","O&M Circle Harda","O&M Division Harda North","Harda North D/C","Bhopal","266006","Conversion of LT Line : KOLWA LT CABLE AUG GAON WALA DTR","2026-03-18","2026-04-24",NULL,NULL,NULL,NULL
"K K Construction Co","Bhopal","O&M Circle Harda","O&M Division Harda South","Timarni D/C","Bhopal","248877","CABLE AUGUMENTATION BHURALI TAPPAR PIPLYA MAFI","2025-06-02","2025-06-06","2025-12-05","2025-09-24","2025-12-10","2025-12-10"
"K K Construction Co","Bhopal","O&M Circle Harda","O&M Division Harda North","Harda North D/C","Bhopal","267360","CHOTI HARDA ADD DTR RAJU KAMEDIYA KE GHAR PASS","2026-03-21","2026-04-24",NULL,NULL,NULL,NULL
"K K Construction Co","Bhopal","O&M Circle Harda","O&M Division Harda South","Timarni D/C","Bhopal","241861","CABLE AUGUMENTATION 4544410375 INDRA COLONY","2025-07-15","2025-07-16","2025-11-04","2025-09-24","2025-11-06","2025-11-06"
"K K Construction Co","Bhopal","O&M Circle Harda","O&M Division Harda South","Timarni D/C","Bhopal","241887","CABLE AUGUMENTATION 128 VILLAGE 200 CHHIDGAON","2026-03-18","2026-03-20",NULL,NULL,NULL,NULL
"K K Construction Co","Bhopal","O&M Circle Harda","O&M Division Harda South","Timarni D/C","Bhopal","246175","CABLE AUGUMENTATION GUTHAN WALA SOHAGPUR","2025-07-15","2025-07-16","2025-11-04","2025-09-24","2025-11-06","2025-11-06"
"K K Construction Co","Bhopal","O&M Circle Harda","O&M Division Harda South","Timarni D/C","Bhopal","246180","CABLE AUGUMENTATION RAKESH WALA MANIYAKHEDI","2026-03-18","2026-03-19",NULL,NULL,NULL,NULL
"M/s UNIVERSAL MEP PROJECTS & ENGINEERING SERVICES LIMITED","Gwalior","O&M Circle Ashoknagar","O&M Division Mungawli","Meerkabad DC","Gwalior","210948","Feeder Sepration : New 11kv ruhana aabadi 11feeder","2026-05-05",NULL,NULL,NULL,NULL,NULL
